Municipio,Tipo,x,x,x,x,x,x,x,x,x,x,x,x,x,x,x,x,x,x,x,x,x,x,x,2009,2010,2011,2012,2013,2014,2015,2016,2017,2018,2019
Abrantes,Ligeiros,19136,20510,20376,20358,20912,20351,20587,21028,21517,22197,22602,Município,39810,39464,38831,38201,37588,37116,36701,36284,35839,35377,35130,480.6832454,519.7141699,524.7353918,532.9179864,556.3477706,548.3080073,560.938394,579.5391908,600.3794749,627.4415581,643.381725
Aguiar da Beira,Ligeiros,3118,3537,3501,3507,3502,3589,3719,3832,3931,4128,4291,Município,5581,5497,5410,5308,5224,5121,5040,4934,4831,4740,4652,558.6812399,643.4418774,647.1349353,660.7008289,670.3675345,700.8396798,737.8968254,776.6518038,813.703167,870.8860759,922.3989682
Alandroal,Ligeiros,3840,3097,2965,2907,2945,2892,3134,4337,4325,4340,4340,Município,5949,5869,5787,5687,5580,5450,5357,5271,5164,5064,4992,645.4866364,527.6878514,512.3552791,511.1658168,527.7777778,530.6422018,585.0289341,822.804022,837.5290473,857.0300158,869.3910256
Albergaria-a-Velha,Ligeiros,13949,15345,14977,15026,15152,15016,15351,15756,16047,16968,17639,Município,25243,25282,25089,24907,24724,24580,24476,24348,24260,24128,24144,552.5888365,606.9535638,596.9548408,603.2842173,612.8458178,610.9031733,627.1858147,647.1168063,661.4591921,703.2493369,730.574884
Albufeira,Ligeiros,22534,24781,25343,26534,28127,27089,27677,28712,29290,31722,33492,Município,39859,40796,40351,40190,40047,40107,40357,40633,40824,41123,41528,565.3428335,607.4370036,628.0637407,660.2139836,702.3497391,675.4182562,685.8041975,706.6177737,717.4701156,771.3931377,806.4920054
Alcanena,Ligeiros,8089,8566,8518,8400,8434,8485,8635,8700,8804,9054,9254,Município,13975,13889,13729,13567,13413,13279,13199,13063,12961,12860,12809,578.8193202,616.747066,620.4384879,619.1494066,628.7929621,638.9788388,654.2162285,666.0032152,679.268575,704.0435459,722.4607698
Alcobaça,Ligeiros,32589,35967,35204,35065,35200,35114,35825,37057,38252,39694,41418,Município,56863,56815,56472,56037,55651,55237,55063,54628,54124,53641,53555,573.1143274,633.0546511,623.388582,625.7472741,632.5133421,635.6970871,650.6183826,678.351761,706.7474688,739.9936616,773.3731678
Alcochete,Ligeiros,7392,8143,8365,8369,8700,8828,8619,8156,8259,8988,9795,Município,17093,17564,17916,18175,18410,18658,18807,19020,19285,19505,19787,432.4577312,463.6187657,466.901094,460.4676754,472.5692558,473.1482474,458.2868081,428.8117771,428.2603059,460.8049218,495.0219841
Alcoutim,Ligeiros,1461,1574,1614,1616,1643,1630,1660,1695,1758,1798,1828,Município,3005,2930,2816,2725,2629,2544,2482,2403,2318,2244,2159,486.1896839,537.2013652,573.1534091,593.0275229,624.9524534,640.7232704,668.8154714,705.3682896,758.4124245,801.2477718,846.6882816
Alcácer do Sal,Ligeiros,6934,7503,7326,7164,7089,7071,7104,7323,7342,7629,7824,Município,13172,13065,12938,12716,12563,12362,12170,12000,11853,11712,11659,526.4196781,574.282434,566.2389859,563.3847122,564.2760487,571.9948228,583.7304848,610.25,619.4212436,651.3831967,671.06956
Alenquer,Ligeiros,22521,24240,23933,23752,24499,23770,24494,24636,25569,27108,28379,Município,42942,43303,43285,43194,43086,43004,43136,43287,43493,43596,44052,524.4515859,559.7764589,552.9167148,549.8911886,568.6069721,552.7392801,567.8319733,569.13161,587.8877061,621.8001652,644.2159266
Alfândega da Fé,Ligeiros,2617,2857,2845,2867,2959,3075,3148,3123,3096,3220,3248,Município,5224,5105,5035,4922,4845,4767,4688,4630,4584,4568,4550,500.957121,559.6474045,565.0446872,582.486794,610.7327141,645.059786,671.5017065,674.5140389,675.3926702,704.9036778,713.8461538
Alijó,Ligeiros,6001,6660,6630,6736,6815,6812,6965,7285,7499,7664,7875,Município,12244,11962,11840,11641,11452,11246,11093,10933,10807,10703,10625,490.1176086,556.7630831,559.9662162,578.6444464,595.0925603,605.7264805,627.8734337,666.3312906,693.9021005,716.0609175,741.1764706
Aljezur,Ligeiros,3039,3166,3199,3192,3302,3382,3469,3633,3883,4140,4356,Município,5835,5895,5787,5724,5673,5629,5615,5609,5585,5599,5594,520.8226221,537.0653096,552.7907379,557.6519916,582.0553499,600.8171967,617.809439,647.709039,695.2551477,739.4177532,778.6914551
Aljustrel,Ligeiros,4685,5257,5166,5200,5240,5289,5374,5416,5558,5788,5927,Município,9389,9277,9146,9031,8915,8755,8589,8493,8396,8285,8247,498.9881777,566.6702598,564.8370873,575.7944857,587.7734156,604.111936,625.6840144,637.7016366,661.9818961,698.6119493,718.6855826
Almada,Ligeiros,71471,77225,76771,76668,76994,75760,77119,79441,80864,84014,87144,Município,173030,174237,173574,172206,170756,170139,169689,169330,169152,168987,169039,413.0555395,443.2181454,442.2955051,445.2109683,450.9007004,445.2829745,454.472594,469.148999,478.0552403,497.1625036,515.5260029
Almeida,Ligeiros,4189,4437,4413,4408,4327,4313,4417,4515,4519,4607,4696,Município,7430,7279,7066,6835,6628,6465,6323,6203,6062,5926,5830,563.795424,609.561753,624.5400509,644.9158742,652.8364514,667.1307038,698.5608097,727.8736095,745.4635434,777.4215322,805.4888508
Almeirim,Ligeiros,11740,12695,12725,12654,12787,12833,13092,13307,13803,14338,14691,Município,23289,23380,23483,23479,23458,23246,23092,22912,22782,22569,22546,504.1006484,542.9854577,541.881361,538.9496997,545.1018842,552.0519659,566.9495929,580.7873603,605.8730577,635.2962028,651.6011709
Almodôvar,Ligeiros,3912,4524,4820,4713,4672,4523,4644,4752,4897,5078,5206,Município,7543,7459,7387,7311,7199,7087,6965,6888,6813,6746,6725,518.6265412,606.5156187,652.497631,644.6450554,648.9790249,638.2108085,666.7623833,689.8954704,718.7729341,752.7423658,774.1263941
Alpiarça,Ligeiros,3853,4249,4154,4163,4519,4245,4236,4227,4305,4495,4634,Município,7779,7715,7652,7593,7529,7390,7289,7209,7155,7087,7059,495.3078802,550.7453014,542.8646106,548.2681417,600.2125116,574.4248985,581.1496776,586.3503953,601.6771488,634.2599125,656.4669217
Alter do Chão,Ligeiros,1725,1838,1819,1805,1827,1770,1788,1819,1836,1888,1924,Município,3626,3588,3556,3501,3462,3384,3308,3263,3229,3191,3165,475.7308329,512.2630992,511.5298088,515.5669809,527.729636,523.0496454,540.5078597,557.4624579,568.5970889,591.6640552,607.8988942
Alvaiázere,Ligeiros,4241,4569,4695,4632,4460,4466,4676,5923,7762,8165,8419,Município,7421,7322,7222,7155,7048,6950,6895,6789,6710,6626,6597,571.4863226,624.0098334,650.0969261,647.3794549,632.8036322,642.5899281,678.1725888,872.4407129,1156.780924,1232.266828,1276.186145
Alvito,Ligeiros,1134,1411,1131,1111,1121,1126,1137,1173,1193,1263,1321,Município,2535,2517,2527,2533,2557,2518,2485,2469,2459,2462,2477,447.3372781,560.5880016,447.5662841,438.6103435,438.4043801,447.1803018,457.5452716,475.09113,485.1565677,512.997563,533.3064191
Amadora,Ligeiros,64575,70015,70086,69047,71443,71128,73713,77454,80323,84531,87102,Município,175274,175141,175738,175631,175354,175952,176644,178169,179942,181724,184106,368.4231546,399.763619,398.8095916,393.1367469,407.4215587,404.2466127,417.2969362,434.7220897,446.3827233,465.1614536,473.1078835
Amarante,Ligeiros,26149,27138,27257,27935,28208,28286,29212,29868,29577,31683,32656,Município,56915,56314,56099,55677,55171,54775,54432,53947,53614,53366,53193,459.4395151,481.9050325,485.8731885,501.7332112,511.2831016,516.4034687,536.6696061,553.6545128,551.6656097,593.6926133,613.9153648
Amares,Ligeiros,9380,10249,10222,10275,10179,10357,10696,11010,11416,11931,12558,Município,18947,18901,18830,18709,18560,18417,18300,18182,18147,18114,18129,495.0651818,542.246442,542.8571429,549.2009193,548.4375,562.3608622,584.4808743,605.5439446,629.0846972,658.6618085,692.7023002
Anadia,Ligeiros,16674,17729,17283,17226,17305,17398,18036,18363,18642,19594,20217,Município,29496,29208,28958,28656,28345,28135,27993,27805,27576,27298,27258,565.2969894,606.9912353,596.8298916,601.1306533,610.513318,618.3756886,644.3039331,660.4207876,676.0226284,717.7815225,741.6905129
Angra do Heroísmo,Ligeiros,15703,16745,16929,16861,16978,16960,17347,18052,18785,19671,20354,Município,35572,35406,35311,35189,35029,34771,34586,34423,34105,33903,33807,441.4427077,472.9424391,479.4256747,479.1554179,484.6841189,487.7627908,501.5613254,524.4168143,550.7990031,580.2141403,602.0646612
Ansião,Ligeiros,7351,7923,7910,7842,7800,7816,9093,10935,6354,6389,6464,Município,13273,13166,13035,12897,12773,12643,12574,12449,12270,12106,12039,553.8310857,601.7773052,606.8277714,608.0483833,610.6631175,618.2077039,723.1588993,878.3838059,517.8484108,527.7548323,536.9216712
Arcos de Valdevez,Ligeiros,10273,11319,11389,11530,11739,11926,12477,12840,13171,13788,14382,Município,23185,22906,22709,22426,22142,21885,21621,21324,21144,20970,20926,443.0882036,494.1500044,501.5192215,514.1353786,530.1689098,544.9394562,577.077841,602.1384356,622.9190314,657.5107296,687.2789831
Arganil,Ligeiros,6673,7047,6884,6945,6922,7000,7011,7213,7424,7811,8068,Município,12340,12183,12027,11851,11669,11522,11432,11317,11181,11068,11014,540.7617504,578.4289584,572.3788143,586.0264957,593.1956466,607.5334143,613.2785164,637.3597243,663.9835435,705.7282255,732.5222444
Armamar,Ligeiros,2936,3139,3160,3290,3389,3363,3449,3552,3588,3749,3892,Município,6473,6324,6258,6150,6076,6006,5939,5876,5838,5792,5769,453.5763943,496.3630614,504.9536593,534.9593496,557.7682686,559.9400599,580.7374979,604.4928523,614.5940391,647.2720994,674.6403189
Arouca,Ligeiros,11569,12689,12745,12814,12908,13224,13633,13982,14246,14918,15415,Município,22630,22380,22231,22002,21751,21528,21392,21211,21039,20861,20720,511.2240389,566.9794459,573.2985471,582.4015999,593.4439796,614.2697882,637.2943156,659.1862713,677.1234374,715.1143282,743.9671815
Arraiolos,Ligeiros,3242,3935,3626,3654,3631,3657,3723,3788,3757,4009,4167,Município,7403,7372,7373,7341,7302,7203,7107,7057,6999,6944,6928,437.9305687,533.7764514,491.7943849,497.7523498,497.2610244,507.7051229,523.8497256,536.7719994,536.7909701,577.3329493,601.4722864
Arronches,Ligeiros,1450,1591,1553,1542,1622,1662,1702,1741,1771,1859,1890,Município,3208,3178,3136,3124,3100,3041,2988,2952,2910,2860,2820,451.9950125,500.6293266,495.2168367,493.5979513,523.2258065,546.5307465,569.6117805,589.7696477,608.5910653,650,670.212766
Arruda dos Vinhos,Ligeiros,7299,7991,8542,8732,8150,7841,8152,8373,8573,9028,9553,Município,13096,13395,13702,13936,14170,14258,14475,14703,14925,15082,15412,557.3457544,596.5658828,623.4126405,626.5786452,575.1587862,549.9368775,563.1778929,569.4756172,574.4053601,598.5943509,619.8416818
Aveiro,Ligeiros,41729,46858,44067,44472,44476,44162,45909,50042,47499,50567,52444,Município,78084,78463,78093,77675,77229,76935,76882,77241,77630,77916,78734,534.4116592,597.1986796,564.2887327,572.5394271,575.897655,574.0170274,597.1358706,647.8683601,611.8639701,648.9937882,666.0908883
Avis,Ligeiros,2157,2241,2285,2292,2251,2261,2245,2315,2365,2424,2433,Município,4670,4583,4571,4529,4505,4440,4387,4338,4288,4249,4247,461.8843683,488.9810168,499.8906147,506.0719806,499.6670366,509.2342342,511.7392295,533.6560627,551.5391791,570.4871735,572.8749706
Azambuja,Ligeiros,10227,10998,11078,11053,11278,11280,11580,11644,12180,12565,12987,Município,21785,21850,22078,22306,22477,22339,22184,22258,22358,22445,22716,469.4514574,503.3409611,501.7664644,495.5169013,501.757352,504.9465061,521.9978363,523.1377482,544.7714465,559.8128759,571.7115689
Baião,Ligeiros,8757,9314,9292,9346,9447,9447,10009,10393,10674,10923,11231,Município,20852,20561,20394,20119,19899,19682,19488,19255,19051,18891,18748,419.9597161,452.9935314,455.6242032,464.5360107,474.7474747,479.9817092,513.5981117,539.7559076,560.2855493,578.2118469,599.0505654
Barcelos,Ligeiros,59589,64505,65197,65783,66381,65677,69101,74480,76760,79669,81994,Município,121116,120458,120515,120084,119563,119011,118605,117683,117007,116531,116187,491.9994055,535.4978499,540.9865992,547.8082009,555.1968418,551.8565511,582.6145609,632.8866531,656.0291265,683.6721559,705.7071789
Barrancos,Ligeiros,680,1015,1070,1042,1042,937,884,836,855,852,884,Município,1853,1836,1807,1782,1768,1739,1717,1687,1669,1645,1634,366.9724771,552.832244,592.1416713,584.7362514,589.3665158,538.8154112,514.8514851,495.5542383,512.2828041,517.9331307,541.003672
Barreiro,Ligeiros,30687,33254,32092,31948,32246,31668,32297,33010,33094,34343,34862,Município,79025,78913,78574,77941,77212,76775,76433,75978,75715,75419,75147,388.3201519,421.4007831,408.4302696,409.899796,417.629384,412.4780202,422.5530857,434.4678723,437.0864426,455.362707,463.9173886
Batalha,Ligeiros,10518,11226,11029,11120,10850,10993,11355,11913,12311,12780,13256,Município,15761,15830,15825,15820,15804,15789,15842,15835,15852,15840,15963,667.3434427,709.1598231,696.9352291,702.9077118,686.5350544,696.2442207,716.7655599,752.3208083,776.6212465,806.8181818,830.4203471
Beja,Ligeiros,17803,19931,19537,19766,19657,19051,19511,19840,20072,20857,21504,Município,35974,35904,35616,35319,35024,34595,34148,34021,33804,33550,33579,494.8851949,555.1192068,548.5455975,559.642119,561.2437186,550.6865154,571.3658194,583.169219,593.7758845,621.6691505,640.4002502
Belmonte,Ligeiros,3645,3853,4107,4128,4137,4072,4128,4312,4504,4552,4595,Município,6953,6877,6808,6723,6673,6576,6531,6506,6460,6407,6398,524.2341435,560.273375,603.2608696,614.011602,619.961037,619.2214112,632.0624713,662.7728251,697.2136223,710.4729202,718.1931854
Benavente,Ligeiros,14887,15690,15149,15062,15125,15109,15921,17179,17916,18595,18824,Município,28477,28999,29372,29683,29908,29882,29874,29965,30073,30214,30602,522.772764,541.0531398,515.763312,507.4284944,505.7175338,505.6221136,532.938341,573.3021859,595.7503408,615.443172,615.1231946
Bombarral,Ligeiros,7751,8187,8066,7896,7890,7806,8078,8335,8519,8842,9117,Município,13286,13209,13102,13011,12869,12737,12668,12603,12582,12533,12558,583.396056,619.8046786,615.6312013,606.8711091,613.1012511,612.8601712,637.669719,661.3504721,677.0783659,705.4974866,725.9913999
Borba,Ligeiros,3790,4089,4001,4050,4060,4081,4226,4259,4326,4414,4507,Município,7413,7348,7317,7245,7230,7121,7034,6950,6879,6790,6736,511.2639957,556.4779532,546.8088014,559.0062112,561.549101,573.0936666,600.7961331,612.8057554,628.8704754,650.0736377,669.0914489
Boticas,Ligeiros,2948,3149,3197,3231,3280,3301,3380,3469,3612,3699,3822,Município,5846,5768,5694,5591,5488,5394,5309,5217,5139,5059,4998,504.2764283,545.9431345,561.4682122,577.8930424,597.6676385,611.9762699,636.6547372,664.9415373,702.8604787,731.1721684,764.7058824
Braga,Ligeiros,85114,95958,118824,111893,107521,97900,99279,102371,105216,110751,115439,Município,180414,181481,182176,182110,181847,181553,181502,181182,181382,181919,182679,471.7704834,528.7495661,652.2483752,614.4253473,591.2717834,539.2364764,546.9857081,565.0174962,580.079611,608.7929243,631.9226622
Bragança,Ligeiros,19529,21498,21059,21118,21259,21363,21791,22330,22804,23499,24362,Município,35431,35394,35273,34983,34681,34341,34033,33766,33668,33586,33607,551.1839914,607.3910832,597.028889,603.6646371,612.9869381,622.0843889,640.2903065,661.3161168,677.3197101,699.6665277,724.9085012
Cabeceiras de Basto,Ligeiros,7588,8532,8767,8697,8722,8737,8941,9359,9683,10090,10452,Município,16917,16739,16659,16520,16364,16235,16168,15959,15819,15699,15628,448.5428859,509.7078679,526.2620806,526.4527845,532.9992667,538.1583,553.0059377,586.4402531,612.1120172,642.7160966,668.7995905
Cadaval,Ligeiros,7931,8511,8411,8365,8378,8320,8508,8686,9020,9379,9702,Município,14244,14269,14196,14105,14009,13876,13834,13783,13717,13627,13673,556.7958439,596.4678674,592.4908425,593.0521092,598.0441145,599.5964255,615.0065057,630.196619,657.5781877,688.2659426,709.5736122
Caldas da Rainha,Ligeiros,28461,31112,44668,39651,37533,31634,31868,32730,33032,34660,36793,Município,51622,51798,51791,51793,51727,51507,51542,51557,51605,51540,51912,551.3347023,600.6409514,862.4664517,765.5667754,725.5978503,614.1689479,618.2918785,634.8313517,640.0930142,672.4873884,708.7571274
Calheta (R.A.A.),Ligeiros,1841,1980,1999,2000,1979,2031,2050,2128,2178,2227,2302,Município,3834,3783,3669,3569,3440,3378,3312,3278,3236,3205,3184,480.1773605,523.3941316,544.8351049,560.3810591,575.2906977,601.2433393,618.9613527,649.176327,673.053152,694.8517941,722.9899497
Calheta (R.A.M.),Ligeiros,5046,5380,5435,5304,5299,5463,5655,5951,5920,6395,6803,Município,11630,11540,11403,11372,11295,11170,11052,10946,10901,10865,10867,433.877902,466.2045061,476.6289573,466.4087232,469.1456397,489.0778872,511.6720955,543.6689202,543.0694432,588.5872066,626.0237416
Caminha,Ligeiros,8261,9167,9148,8971,9048,9087,9353,9584,9936,10361,10759,Município,16829,16726,16645,16512,16417,16248,16104,15971,15897,15873,15877,490.8788401,548.0688748,549.5944728,543.3018411,551.1360175,559.2688331,580.787382,600.0876589,625.0235894,652.7436527,677.6469106
Campo Maior,Ligeiros,4612,5211,5206,5205,5198,5129,5352,5551,5777,6066,6113,Município,8493,8469,8429,8389,8365,8280,8214,8115,8022,7907,7874,543.035441,615.3028693,617.6296121,620.4553582,621.398685,619.4444444,651.5704894,684.0418977,720.1446023,767.1683319,776.3525527
Cantanhede,Ligeiros,20323,22582,22260,22576,22589,22616,23191,23771,24194,25321,26124,Município,36898,36657,36571,36389,36234,35967,35878,35606,35348,35068,35011,550.7886606,616.0351365,608.679008,620.4072659,623.4199923,628.798621,646.3849713,667.6122002,684.451737,722.0542945,746.1654908
Carrazeda de Ansiães,Ligeiros,3261,3432,3514,3544,3642,3629,3690,3780,3913,4026,4118,Município,6551,6389,6297,6173,6063,5972,5885,5795,5730,5683,5666,497.7865975,537.1732666,558.0435128,574.1130731,600.6927264,607.6691226,627.017842,652.2864538,682.8970332,708.4286468,726.7913872
Carregal do Sal,Ligeiros,5014,5420,5385,5399,5418,5448,5561,5664,5905,6132,6387,Município,9920,9837,9784,9711,9656,9598,9580,9472,9367,9290,9271,505.4435484,550.9809901,550.3883892,555.9674596,561.1019056,567.6182538,580.480167,597.972973,630.4046119,660.0645856,688.9224463
Cartaxo,Ligeiros,12656,13918,13463,13447,13532,13582,13821,14321,14820,15288,15685,Município,24463,24506,24522,24504,24479,24254,24020,23939,23855,23740,23843,517.3527368,567.9425447,549.017209,548.7675482,552.8003595,559.9901047,575.3955037,598.2288316,621.253406,643.9764111,657.8450698
Cascais,Ligeiros,99607,108747,107860,108095,111401,110812,114549,120149,119944,126663,130602,Município,203084,206449,207924,208321,208514,209376,210361,210889,211714,212474,213608,490.4719229,526.7499479,518.7472346,518.8867181,534.2614884,529.2488155,544.5353464,569.7262541,566.5378766,596.1341152,611.409685
Castanheira de Pêra,Ligeiros,1611,1733,1687,1671,1697,1681,1730,1744,1778,1850,1893,Município,3262,3206,3122,3026,2939,2865,2801,2736,2688,2650,2614,493.8687922,540.5489707,540.3587444,552.2141441,577.4072814,586.7364747,617.6365584,637.4269006,661.4583333,698.1132075,724.1775057
Castelo Branco,Ligeiros,29726,32360,32372,32520,32429,32172,32874,33591,34073,35317,36292,Município,56224,56218,55600,55005,54409,53840,53507,53127,52703,52192,51987,528.7066022,575.6163506,582.2302158,591.2189801,596.0227168,597.5482912,614.3869026,632.2773731,646.5096864,676.6745861,698.0976013
Castelo de Paiva,Ligeiros,7414,8463,8197,8173,8266,8266,8460,8721,8973,9338,9750,Município,16894,16756,16642,16432,16267,16120,15980,15797,15679,15567,15454,438.854031,505.0728097,492.5489725,497.3831548,508.1453249,512.7791563,529.4117647,552.0668481,572.2941514,599.8586754,630.9046202
Castelo de Vide,Ligeiros,1674,1760,1713,1732,1778,1790,1829,1865,1897,1961,2083,Município,3476,3423,3371,3297,3248,3184,3116,3058,3012,2951,2919,481.5880322,514.1688577,508.1578167,525.326054,547.4137931,562.1859296,586.970475,609.8757358,629.814077,664.5205015,713.6005481
Castro Daire,Ligeiros,6824,7959,8008,8045,8090,8138,8435,8738,8639,8950,9302,Município,15567,15369,15182,14976,14789,14638,14552,14344,14159,13928,13823,438.3632042,517.8606285,527.4667369,537.1928419,547.0281966,555.9502664,579.6454096,609.1745678,610.1419592,642.5904652,672.9364103
Castro Marim,Ligeiros,3495,3702,3731,3758,3943,4024,4030,4096,4089,4363,4537,Município,6742,6755,6634,6588,6543,6493,6450,6402,6336,6274,6237,518.3921685,548.03849,562.4057884,570.4310868,602.6287636,619.7443401,624.8062016,639.8000625,645.3598485,695.409627,727.4330608
Castro Verde,Ligeiros,3707,4213,4173,4271,4348,4384,4466,4500,4471,4952,5047,Município,7361,7289,7295,7290,7289,7223,7145,7082,7010,6946,6949,503.6000543,577.9942379,572.0356408,585.8710562,596.515297,606.9500208,625.0524843,635.4137249,637.8031384,712.9283041,726.2915527
Celorico da Beira,Ligeiros,3865,4323,4275,4293,4267,4278,4330,4502,4645,4747,4919,Município,7868,7724,7608,7512,7403,7321,7246,7167,7064,6978,6928,491.2302999,559.6841015,561.9085174,571.485623,576.3879508,584.3464008,597.5710737,628.1568299,657.5594564,680.2808828,710.017321
Celorico de Basto,Ligeiros,8667,10082,9941,9433,9524,9530,12055,17894,17457,17434,17712,Município,20229,20133,20087,19952,19795,19619,19485,19341,19186,19075,19040,428.4443126,500.7698803,494.8971972,472.7846832,481.1315989,485.7536062,618.6810367,925.1848405,909.8822058,913.9711664,930.2521008
Chamusca,Ligeiros,4852,5211,5094,5038,5092,5163,5197,5147,5488,5541,5678,Município,10290,10140,10071,9967,9881,9751,9639,9510,9385,9253,9197,471.5257532,513.9053254,505.8087578,505.4680445,515.3324562,529.4841555,539.1638137,541.2197687,584.7629196,598.832811,617.3752311
Chaves,Ligeiros,22316,24173,23621,24119,24135,23616,24082,24676,25261,26142,26888,Município,41785,41336,41225,40903,40672,40382,40138,39682,39500,39345,39343,534.067249,584.7929166,572.9775622,589.6633499,593.4057828,584.8150166,599.9800688,621.8436571,639.5189873,664.4300419,683.4252599
Cinfães,Ligeiros,7793,8967,8910,8898,8874,8911,9093,9406,9555,9960,10387,Município,20737,20464,20254,19953,19647,19365,19122,18897,18653,18470,18244,375.8017071,438.1841282,439.9131036,445.9479777,451.672011,460.1600826,475.5255726,497.7509658,512.2500402,539.2528424,569.3378645
Coimbra,Ligeiros,71962,80989,78042,77769,78342,78373,79658,79888,80607,84412,86902,Município,144301,143589,141360,139151,136964,135592,134578,134348,134156,133724,134166,498.6937027,564.0334566,552.0797963,558.8820777,571.9897199,578.0060771,591.9095246,594.634829,600.8452846,631.2404654,647.7199887
Condeixa-a-Nova,Ligeiros,8313,9407,9267,9286,9315,9330,9545,9772,9884,10445,10924,Município,16948,17109,17234,17320,17371,17342,17409,17473,17583,17597,17733,490.500354,549.8275761,537.7161425,536.1431871,536.2385585,538.0002307,548.2796255,559.2628627,562.1338793,593.5670853,616.026617
Constância,Ligeiros,2037,2175,2212,2196,2202,2230,2330,2296,2337,2450,2486,Município,4025,4052,4052,4053,4028,4005,3984,3990,3998,4002,4030,506.0869565,536.7719645,545.9032577,541.8208734,546.673287,556.803995,584.8393574,575.4385965,584.5422711,612.193903,616.8734491
Coruche,Ligeiros,10870,11842,11467,11134,11171,11170,11305,11601,11783,12125,12428,Município,20168,20001,19762,19503,19211,18863,18587,18272,17980,17629,17471,538.9726299,592.0703965,580.2550349,570.8865303,581.4897715,592.1645549,608.2207995,634.9058669,655.3392659,687.7871689,711.3502375
Corvo,Ligeiros,84,92,85,84,83,87,99,109,125,143,148,Município,418,416,431,448,463,459,459,460,462,465,464,200.9569378,221.1538462,197.2157773,187.5,179.2656587,189.5424837,215.6862745,236.9565217,270.5627706,307.5268817,318.9655172
Covilhã,Ligeiros,24829,26625,26618,26556,26649,26460,27343,30061,30775,31568,32420,Município,52260,51901,51196,50486,49749,49187,48741,48184,47660,47127,46787,475.105243,512.995896,519.9234315,526.0072099,535.6690587,537.9470185,560.9856179,623.879296,645.7196811,669.8495555,692.9275226
Crato,Ligeiros,1809,1955,1968,1955,1967,1957,2000,2019,2039,2137,2151,Município,3792,3740,3660,3593,3522,3451,3378,3300,3251,3185,3129,477.056962,522.7272727,537.704918,544.1135541,558.4894946,567.0820052,592.0663114,611.8181818,627.1916333,670.9576138,687.4400767
Cuba,Ligeiros,1953,2236,2124,2131,2157,2162,2231,2281,2370,2471,2616,Município,4905,4884,4898,4887,4867,4819,4757,4698,4657,4599,4595,398.1651376,457.8214578,433.6463863,436.0548394,443.1888227,448.6407968,468.9930629,485.5257556,508.9113163,537.2907154,569.3144723
Câmara de Lobos,Ligeiros,11305,12531,12250,12299,12336,12274,12805,13370,14186,14828,15467,Município,35715,35656,35192,35025,34798,34482,34246,34047,33847,33732,33675,316.5336693,351.4415526,348.0904751,351.1491792,354.5031324,355.953831,373.9122817,392.6924545,419.1213401,439.5825922,459.3021529
Lagoa (R.A.A.),Ligeiros,214461,39225,18450,27442,49249,7169,6867,32248,38774,4281,3631,Município,14421,14435,14506,14605,14666,14667,14681,14728,14693,14681,14721,14871.43749,2717.353654,1271.887495,1878.945567,3358.039002,488.7843458,467.7474286,2189.570885,2638.943715,291.6013896,246.6544392
Elvas,Ligeiros,11291,12000,11805,11681,11641,11611,11832,12056,12173,12774,13068,Município,23134,23110,22890,22566,22245,21902,21571,21270,20998,20706,20528,488.0695081,519.2557334,515.7273919,517.6371532,523.3086087,530.1342343,548.5142089,566.8077104,579.7218783,616.9226311,636.5939205
Entroncamento,Ligeiros,9687,10593,10439,10372,10458,10473,10688,10699,11015,11433,11752,Município,20077,20217,20322,20421,20445,20462,20568,20797,21035,21214,21558,482.4924042,523.96498,513.6797559,507.9085255,511.5187087,511.8268009,519.6421626,514.4491994,523.6510578,538.9365513,545.134057
Espinho,Ligeiros,13518,14227,14707,14811,15458,14932,15357,16115,16338,16803,17220,Município,32149,31817,31439,30929,30418,30056,29708,29560,29533,29484,29516,420.4796417,447.1508942,467.7947772,478.8709625,508.1859425,496.8059622,516.9314663,545.1623816,553.2116615,569.9023199,583.4123865
Esposende,Ligeiros,16832,18462,16615,16585,16939,18797,19115,18152,19224,20472,21720,Município,34340,34289,34371,34286,34250,34125,34040,33947,33977,34057,34177,490.157251,538.4234011,483.4017049,483.7251356,494.5693431,550.8278388,561.5452409,534.7158806,565.794508,601.109904,635.5151125
Estarreja,Ligeiros,15015,16805,16526,16729,15647,15279,15582,15944,16398,17059,17470,Município,27177,27010,26878,26710,26555,26389,26338,26242,26074,25965,26006,552.4892372,622.1769715,614.8522956,626.3197304,589.2299002,578.9912464,591.6166755,607.5756421,628.9023548,656.9998074,671.7680535
Estremoz,Ligeiros,8071,8811,8324,8292,8605,8230,8285,8401,8543,8840,8919,Município,14503,14326,14186,13944,13740,13502,13306,13156,12975,12816,12728,556.5055506,615.0355996,586.7756943,594.6643718,626.2736536,609.5393275,622.6514354,638.5679538,658.4200385,689.7627965,700.7385292
Fafe,Ligeiros,23885,25681,25659,26019,26481,26923,26871,25396,24446,26250,27459,Município,51095,50684,50576,50249,49945,49579,49351,48906,48577,48271,48060,467.4625697,506.6885013,507.3354951,517.8013493,530.2032235,543.0323322,544.4874471,519.2818877,503.2422752,543.8047689,571.3483146
Faro,Ligeiros,34912,37313,37143,36529,39404,38893,40104,44677,43496,45350,49350,Município,64032,64600,63172,62281,61749,61214,61019,61073,60920,60974,61015,545.2273863,577.6006192,587.9661876,586.5191631,638.1317916,635.3611919,657.2379095,731.5343933,713.9855548,743.7596353,808.8175039
Felgueiras,Ligeiros,27458,30328,31069,31713,32497,32395,32835,33176,33627,34818,35550,Município,58347,58114,58126,57904,57673,57411,57246,56950,56726,56576,56422,470.598317,521.8708057,534.5112342,547.6823708,563.4699079,564.264688,573.5771932,582.5460931,592.7969538,615.4199661,630.0733756
Ferreira do Alentejo,Ligeiros,3918,4626,4292,4245,4275,4232,4293,4454,4548,4736,4921,Município,8352,8280,8253,8218,8199,8080,7976,7941,7915,7848,7845,469.1091954,558.6956522,520.0533139,516.5490387,521.4050494,523.7623762,538.2397192,560.8865382,574.60518,603.4658512,627.2785214
Ferreira do Zêzere,Ligeiros,4885,5216,5217,5165,5205,5222,5331,5464,5633,5931,6079,Município,8724,8634,8562,8460,8357,8268,8191,8126,8056,7989,7959,559.9495644,604.1232337,609.3202523,610.5200946,622.8311595,631.5916788,650.8362837,672.4095496,699.2303873,742.3957942,763.7894208
Figueira da Foz,Ligeiros,31347,34331,34120,34094,34053,34109,35108,36212,36259,38516,39707,Município,62395,62263,61918,61505,61076,60621,60415,59956,59393,58866,58747,502.3960253,551.386859,551.0513905,554.3289163,557.5512476,562.6598044,581.1139618,603.9762492,610.492819,654.2995957,675.8983437
Figueira de Castelo Rodrigo,Ligeiros,3043,3275,3225,3274,3317,3352,3408,3478,3580,3697,3781,Município,6383,6282,6224,6162,6073,5993,5918,5845,5733,5652,5584,476.7350775,521.3307864,518.155527,531.3209997,546.1880454,559.3192057,575.8702264,595.0384944,624.4549102,654.1047417,677.1131805
Figueiró dos Vinhos,Ligeiros,3399,3616,3643,3605,3605,3586,3563,2935,3024,3226,3425,Município,6314,6193,6102,6031,5941,5857,5811,5757,5696,5608,5568,538.3275261,583.8850315,597.0173714,597.7449842,606.800202,612.2588356,613.1474789,509.8141393,530.8988764,575.2496434,615.1221264
Fornos de Algodres,Ligeiros,2742,2978,2811,2834,2818,2835,2928,3076,3174,3265,3402,Município,5086,4993,4965,4920,4888,4821,4796,4720,4646,4561,4528,539.1270153,596.435009,566.163142,576.0162602,576.5139116,588.0522713,610.5087573,651.6949153,683.1683168,715.8517869,751.3250883
Freixo de Espada à Cinta,Ligeiros,1757,1887,1915,1953,1973,1984,2023,2047,2013,2026,2074,Município,3845,3793,3736,3677,3622,3559,3492,3409,3358,3312,3298,456.9570871,497.4953862,512.5802998,531.1395159,544.7266703,557.4599607,579.3241695,600.4693458,599.4639666,611.7149758,628.8659794
Fronteira,Ligeiros,1677,1775,1780,1791,1763,1755,1741,1767,1788,1842,1873,Município,3475,3424,3364,3295,3222,3154,3088,3059,3012,2986,2974,482.5899281,518.3995327,529.1319857,543.5508346,547.1756673,556.4362714,563.7953368,577.6397516,593.625498,616.8787676,629.7915266
Funchal,Ligeiros,45931,52469,51624,50781,51689,52017,53380,56005,55750,58745,61292,Município,111599,111990,109990,109149,108053,106721,105562,104813,104442,104129,104024,411.5717883,468.515046,469.3517593,465.2447572,478.3670976,487.4111,505.6743904,534.3325732,533.7890887,564.1559988,589.2101823
Fundão,Ligeiros,14932,16172,16317,16229,16287,16326,16493,14786,15112,15887,16634,Município,29588,29276,28940,28560,28200,27912,27714,27355,27039,26719,26495,504.664053,552.3978686,563.8217001,568.2422969,577.5531915,584.9097163,595.1143826,540.5227564,558.8964089,594.5956061,627.8165692
Gavião,Ligeiros,1844,1987,2045,2021,2006,1969,1977,1999,2079,2093,2105,Município,4214,4156,4069,3977,3873,3742,3645,3533,3446,3347,3263,437.5889891,478.1039461,502.5804866,508.1719889,517.9447457,526.1892036,542.3868313,565.8080951,603.3081834,625.3361219,645.1118603
Golegã,Ligeiros,2763,2858,2855,2863,2896,2936,2968,3012,3231,3305,3390,Município,5506,5469,5435,5389,5766,5654,5576,5508,5447,5375,5339,501.8162005,522.5818248,525.298988,531.2673965,502.2545959,519.278387,532.2812052,546.8409586,593.1705526,614.8837209,634.9503652
Gondomar,Ligeiros,68181,72831,72334,72182,74173,73728,75692,77195,77689,82828,85675,Município,168388,168168,168363,168016,167525,166841,166338,165743,165626,165631,165985,404.9041499,433.0847724,429.6312135,429.6138463,442.7577973,441.9057666,455.0493573,465.7511931,469.0628283,500.075469,516.1610989
Gouveia,Ligeiros,7558,8167,8242,8182,8203,8142,8228,8425,8717,8917,9115,Município,14328,14096,13892,13655,13450,13269,13114,12923,12711,12486,12387,527.4986041,579.3842225,593.2911028,599.1944343,609.8884758,613.6106715,627.4210767,651.9384044,685.7839666,714.159859,735.852103
Grândola,Ligeiros,7459,7849,7832,7879,7880,7911,8061,8234,8464,8995,9313,Município,14927,14876,14915,14954,14985,14835,14708,14662,14626,14570,14639,499.6985329,527.6283947,525.1089507,526.8824395,525.8591925,533.2659252,548.0690781,561.5877779,578.6954738,617.3644475,636.1773345
Guarda,Ligeiros,24311,26765,26816,26806,26722,26769,27129,28379,28873,29787,30496,Município,42880,42615,42126,41549,40994,40574,40237,39858,39486,39103,38969,566.954291,628.0652352,636.566491,645.1659486,651.8514905,659.7574802,674.2301861,712.0026093,731.2211923,761.7574099,782.5707614
Guimarães,Ligeiros,68293,77627,77753,78595,79596,79815,82383,84739,89308,93300,95450,Município,159010,158211,158048,157214,156310,155508,154920,153995,153294,152792,152309,429.4887114,490.6548849,491.9581393,499.9236709,509.21886,513.2533374,531.7776917,550.2711127,582.592926,610.6340646,626.6865385
Góis,Ligeiros,2097,2164,2185,2241,2219,2266,2288,2394,2506,2599,2736,Município,4354,4272,4187,4120,4079,4016,3985,3936,3890,3825,3805,481.626091,506.5543071,521.8533556,543.9320388,544.0058838,564.2430279,574.153074,608.2317073,644.2159383,679.4771242,719.0538765
Horta,Ligeiros,6971,7412,7561,7567,7765,7783,7863,8079,8429,8853,9118,Município,15016,14996,15017,15013,14994,14910,14824,14759,14640,14542,14521,464.238146,494.2651374,503.4960378,504.0298408,517.8738162,521.9986586,530.4236373,547.3948099,575.7513661,608.7883372,627.9181875
Idanha-a-Nova,Ligeiros,4336,4699,4605,4561,4672,4718,4776,4855,4970,5137,5275,Município,10001,9764,9566,9339,9108,8895,8712,8540,8360,8157,8043,433.5566443,481.2576813,481.3924315,488.3820538,512.9556434,530.4103429,548.2093664,568.501171,594.4976077,629.7658453,655.8498073
Lagoa,Ligeiros,18779,20031,19927,20013,20732,20638,21312,21707,21701,22939,24273,Município,22770,22985,22798,22783,22750,22723,22787,22799,22753,22748,22762,824.725516,871.4814009,874.0679007,878.4181188,911.2967033,908.2427496,935.2701102,952.1031624,953.7643388,1008.396343,1066.382567
Lagos,Ligeiros,15431,16774,16449,16802,17485,17779,18345,18994,19917,21649,22800,Município,30474,31060,30805,30776,30720,30714,30778,30714,30543,30442,30374,506.3660826,540.0515132,533.9717578,545.9448921,569.1731771,578.8565475,596.0426279,618.415055,652.0970435,711.1556402,750.6419964
Lajes das Flores,Ligeiros,607,674,684,699,727,725,745,778,754,789,819,Município,1512,1515,1520,1528,1526,1515,1503,1494,1485,1464,1463,401.4550265,444.8844884,450,457.460733,476.4089122,478.5478548,495.675316,520.7496653,507.7441077,538.9344262,559.8086124
Lajes do Pico,Ligeiros,1940,2133,2194,2262,2298,2365,2435,2474,2496,2583,2647,Município,4746,4722,4707,4708,4694,4654,4622,4591,4550,4498,4490,408.765276,451.7153748,466.1142979,480.4587935,489.5611419,508.1650193,526.8282129,538.8804182,548.5714286,574.2552245,589.532294
Lamego,Ligeiros,12809,13862,13882,13833,14029,13994,14256,14663,14883,15489,16002,Município,26999,26745,26566,26293,26007,25751,25480,25219,25090,24959,24895,474.4249787,518.3024864,522.5476173,526.1096109,539.4316915,543.4352064,559.4976452,581.4267021,593.1845357,620.5777475,642.7796746
Leiria,Ligeiros,73112,82959,82859,83051,83172,83645,86259,89323,90662,94998,98386,Município,126519,126925,126753,126348,125977,125561,125721,125523,125307,124857,125267,577.8736791,653.6064605,653.7044488,657.3194669,660.2157537,666.170228,686.1144916,711.6066378,723.5190372,760.8544175,785.4103635
Lisboa,Ligeiros,321833,347663,333103,327079,331591,319040,323741,333019,323875,329059,331956,Município,549998,548422,537412,524282,516815,509312,504471,504964,506088,507220,509515,585.1530369,633.9333579,619.8279904,623.860823,641.6048296,626.4136718,641.7435294,659.4905775,639.9578729,648.7500493,651.5136944
Loulé,Ligeiros,42411,44684,44194,44347,46583,45644,47326,50287,51372,55653,57385,Município,69538,70659,69988,69824,69192,69230,69453,69344,69044,68873,68697,609.8967471,632.389363,631.4511059,635.1254583,673.2425714,659.3095479,681.4104502,725.1817028,744.0472742,808.0525024,835.3348763
Loures,Ligeiros,88020,95703,99011,98182,108203,109957,111164,114434,123167,129116,131850,Município,204493,204987,207063,208042,203117,204695,205870,207567,209442,211359,213687,430.4303815,466.8735091,478.1684801,471.9335519,532.712673,537.1748211,539.9718269,551.3111429,588.0721154,610.8847979,617.023965
Lourinhã,Ligeiros,14103,15348,15209,15145,15038,15130,15689,16143,16872,17679,18479,Município,25586,25768,25752,25705,25657,25571,25629,25619,25674,25670,25855,551.1998749,595.6224775,590.5949053,589.1849835,586.1168492,591.6858942,612.1581021,630.1182716,657.1628885,688.7027659,714.7166892
Lousada,Ligeiros,21701,23829,23661,23975,24201,22450,21148,18881,19458,24967,26610,Município,47347,47414,47547,47450,47300,47176,47075,46900,46839,46790,46755,458.3394935,502.5730797,497.6339201,505.2687039,511.6490486,475.8775649,449.2405736,402.5799574,415.4230449,533.5969224,569.1369907
Lousã,Ligeiros,8858,9630,9562,9519,9583,9582,9777,10040,10488,10903,11298,Município,17468,17619,17549,17439,17331,17236,17231,17201,17190,17128,17158,507.0986948,546.5690448,544.8743518,545.8455187,552.9398188,555.92945,567.4075794,583.6869949,610.122164,636.5600187,658.468353
Macedo de Cavaleiros,Ligeiros,8031,8771,8723,8748,8833,8933,9212,9394,9515,9862,10126,Município,16039,15806,15646,15426,15230,15075,14882,14722,14643,14550,14516,500.7170023,554.9158547,557.5226895,567.0945158,579.973736,592.5704809,619.0028222,638.0926505,649.7985386,677.8006873,697.5750896
Machico,Ligeiros,8270,9166,9220,9125,9142,9119,9394,9754,9891,10364,10857,Município,21926,21851,21453,21336,21147,20874,20654,20453,20272,20094,19981,377.1777798,419.4773695,429.7767212,427.6809149,432.3071831,436.8592507,454.8271521,476.8982545,487.9143646,515.7758535,543.3661979
Madalena,Ligeiros,2762,3008,3059,3111,3176,3207,3322,3479,3681,3938,4110,Município,6069,6051,6027,6055,6046,6000,5958,5948,5909,5875,5895,455.0996869,497.107916,507.5493612,513.790256,525.3059874,534.5,557.5696542,584.9024882,622.9480454,670.2978723,697.2010178
Mafra,Ligeiros,39989,44151,44738,45012,44358,44612,45299,46190,49812,53018,55878,Município,74326,76671,78233,79297,80247,81199,81961,82581,83289,84008,84816,538.0216882,575.8500606,571.8558665,567.63812,552.7683278,549.4156332,552.6896939,559.3296279,598.0621691,631.1065613,658.8143746
Maia,Ligeiros,62528,66625,65932,65806,67070,67697,69709,72211,74757,80495,83644,Município,134188,135330,135937,136017,135924,135817,135678,136011,136769,137727,138971,465.9731123,492.3150817,485.0187955,483.8071712,493.4375092,498.4427575,513.7826324,530.9202932,546.5931607,584.4533025,601.880968
Mangualde,Ligeiros,10823,13270,12470,12736,11634,11695,11913,12165,12683,13154,13570,Município,20072,19929,19772,19633,19485,19300,19241,19048,18827,18618,18510,539.2088481,665.8638165,630.6898645,648.7037131,597.0746728,605.9585492,619.146614,638.649727,673.6601689,706.5205715,733.1172339
Manteigas,Ligeiros,1634,1729,1731,1744,1734,1729,1741,1801,1860,1900,1918,Município,3523,3445,3400,3347,3297,3239,3199,3139,3094,3037,3007,463.8092535,501.8867925,509.1176471,521.0636391,525.9326661,533.8067305,544.2325727,573.7496018,601.1635423,625.6173856,637.8450283
Marco de Canaveses,Ligeiros,25143,26587,26368,26496,26903,26337,27124,28715,29865,31236,32278,Município,53610,53507,53521,53273,52966,52708,52480,52110,51871,51661,51496,468.9983212,496.8882576,492.66643,497.3626415,507.9296152,499.6774683,516.8445122,551.0458645,575.755239,604.6340566,626.8059655
Marinha Grande,Ligeiros,21182,23483,22734,23170,23063,23591,24450,24840,25420,26786,27649,Município,38461,38726,38741,38709,38700,38533,38613,38561,38527,38404,38508,550.7397104,606.3884729,586.8201647,598.5688083,595.9431525,612.2284795,633.2064331,644.1741656,659.7970255,697.4794292,718.006648
Marvão,Ligeiros,1780,1874,1873,1896,1895,1934,1968,2020,2045,2103,2143,Município,3598,3529,3482,3428,3376,3305,3230,3173,3124,3054,3005,494.7192885,531.02862,537.9092476,553.092182,561.3151659,585.1739788,609.2879257,636.6214939,654.609475,688.6051081,713.1447587
Matosinhos,Ligeiros,79063,83627,84340,85012,84283,79428,81536,83422,83822,89292,92344,Município,175223,175600,175869,175321,174690,174045,173451,173339,173753,174382,175357,451.2135964,476.2357631,479.5614918,484.8934241,482.4718072,456.3647333,470.0808874,481.2650356,482.4204474,512.0482619,526.6057243
Mação,Ligeiros,3687,3965,4024,3955,4045,4030,4133,4226,4367,4419,4582,Município,7518,7383,7235,7089,6946,6794,6698,6586,6452,6323,6267,490.4229848,537.0445618,556.1852108,557.9066159,582.3495537,593.1704445,617.0498656,641.664136,676.8443893,698.8771153,731.1313228
Mealhada,Ligeiros,11010,12138,12012,11949,11553,11481,11984,13867,14443,14652,14907,Município,20539,20462,20388,20343,20255,20152,20160,20095,19999,19892,19914,536.0533619,593.1971459,589.1701001,587.3764931,570.3776845,569.720127,594.4444444,690.0721573,722.1861093,736.5775186,748.568846
Meda,Ligeiros,2819,3109,3108,3111,3197,3230,3261,3346,3401,3544,3699,Município,5329,5220,5118,5026,4941,4868,4802,4740,4689,4617,4587,528.9923062,595.5938697,607.2684642,618.9812973,647.0350132,663.5168447,679.092045,705.907173,725.314566,767.5980074,806.4094179
Melgaço,Ligeiros,4221,4705,4835,4900,5003,5116,5319,5415,5521,5812,6002,Município,9356,9245,9137,8943,8804,8670,8558,8400,8250,8144,8093,451.1543395,508.9237426,529.1671227,547.9145701,568.2644253,590.0807382,621.5237205,644.6428571,669.2121212,713.654224,741.6285679
Mesão Frio,Ligeiros,1782,2248,1902,1828,1816,1831,1763,1669,1666,1792,1900,Município,4519,4444,4386,4311,4234,4164,4101,4058,4018,3996,3964,394.3350299,505.8505851,433.6525308,424.0315472,428.9088333,439.7214217,429.8951475,411.286348,414.6341463,448.4484484,479.3138244
Mira,Ligeiros,6780,7387,7258,7241,7261,7349,7562,7795,7923,8262,8571,Município,12552,12497,12410,12324,12260,12162,12110,12017,11932,11831,11832,540.1529637,591.1018644,584.8509267,587.5527426,592.2512235,604.2591679,624.4426094,648.6643921,664.0127389,698.3348829,724.3914807
Miranda do Corvo,Ligeiros,6200,7584,7230,7288,7327,7233,7419,7609,7760,8092,8341,Município,13165,13131,13094,13048,12984,12905,12861,12845,12777,12687,12708,470.9456893,577.5645419,552.1612952,558.5530349,564.3099199,560.4804339,576.8602753,592.3705722,607.3413164,637.8182391,656.3581996
Miranda do Douro,Ligeiros,4290,4473,4528,4618,4626,4646,4707,4803,4853,5026,5150,Município,7592,7512,7458,7400,7303,7213,7138,7029,6929,6877,6830,565.0684932,595.4472843,607.1332797,624.0540541,633.438313,644.1147927,659.4284113,683.3119932,700.3896666,730.8419369,754.0263543
Mirandela,Ligeiros,12190,13537,13348,13329,13366,13446,13636,14103,14188,14625,15055,Município,24158,23902,23669,23324,22962,22703,22419,22141,21963,21808,21754,504.5947512,566.35428,563.9443998,571.4714457,582.0921523,592.25653,608.2340872,636.9631001,645.995538,670.6254585,692.0566333
Mogadouro,Ligeiros,5433,5752,5761,5803,5797,5757,5804,5937,6059,6195,6319,Município,9749,9565,9435,9247,9098,8952,8815,8674,8573,8481,8392,557.287927,601.3591218,610.5988341,627.5548827,637.1730051,643.0965147,658.4231424,684.4593037,706.7537618,730.4563141,752.9790276
Moimenta da Beira,Ligeiros,5765,6206,6340,6245,6224,6252,6444,6605,6790,6880,7023,Município,10332,10211,10190,10106,10025,9936,9872,9778,9745,9729,9736,557.9752226,607.7759279,622.1786065,617.9497328,620.8478803,629.2270531,652.7552674,675.4960115,696.7675731,707.1641484,721.3434675
Moita,Ligeiros,27222,28548,28660,28439,28387,28033,28460,28443,29332,31072,32497,Município,66296,66056,66125,65831,65433,65288,65104,64767,64616,64526,64407,410.6130083,432.1787574,433.4215501,432.0001215,433.8330812,429.3744639,437.1467191,439.1588309,453.9432958,481.542324,504.5569581
Monchique,Ligeiros,5425,6401,6165,6121,6563,6846,7044,6717,3962,4412,4199,Município,6170,6077,5886,5755,5632,5552,5476,5386,5278,5182,5077,879.2544571,1053.315781,1047.400612,1063.596872,1165.305398,1233.069164,1286.340394,1247.122169,750.66313,851.4087225,827.0632263
Mondim de Basto,Ligeiros,3293,3773,3631,3625,3657,3604,3718,3780,3863,4020,4220,Município,7652,7522,7465,7401,7313,7231,7160,7079,7013,6985,6946,430.3450078,501.5953204,486.403215,489.7986759,500.0683714,498.4096252,519.273743,533.9737251,550.8341651,575.5189692,607.5439102
Monforte,Ligeiros,1474,1589,1571,1563,1592,1679,1696,1687,1734,1768,1775,Município,3349,3337,3304,3270,3228,3164,3103,3064,3025,2989,2975,440.1313825,476.1762062,475.4842615,477.9816514,493.1846344,530.6573957,546.5678376,550.5874674,573.2231405,591.5021746,596.6386555
Montalegre,Ligeiros,5711,6191,6161,6238,6400,6504,6685,6838,6855,7217,7415,Município,10831,10578,10387,10163,9935,9734,9541,9337,9222,9090,8997,527.2827994,585.2713178,593.1452778,613.7951392,644.1872169,668.1734128,700.6603081,732.3551462,743.3311646,793.9493949,824.1636101
Montemor-o-Novo,Ligeiros,8824,9569,9517,9598,9618,9476,9562,9762,9846,10170,10486,Município,17641,17478,17275,17073,16850,16563,16323,16129,15942,15740,15647,500.1984015,547.488271,550.9117221,562.1741932,570.8011869,572.1185776,585.7991791,605.2452105,617.6138502,646.1245235,670.1604141
Montemor-o-Velho,Ligeiros,12620,14766,14208,14244,14587,14496,14822,15225,15588,16102,16687,Município,26121,26207,26138,26048,25911,25736,25678,25570,25399,25230,25224,483.136174,563.4372496,543.5764022,546.8366093,562.9655359,563.2576935,577.2256406,595.4243254,613.7249498,638.208482,661.5524897
Montijo,Ligeiros,22541,24420,24323,24347,24928,25021,25966,26653,27534,28957,30344,Município,49978,51207,52347,53233,53939,54600,55153,55742,56305,56887,57614,451.0184481,476.8879255,464.6493591,457.366671,462.1516899,458.2600733,470.7994125,478.1493308,489.0151852,509.0266669,526.6775437
Monção,Ligeiros,9800,10926,11063,11099,12006,11366,11679,11909,11896,12638,13207,Município,19404,19282,19186,19025,18836,18626,18467,18192,18042,17902,17869,505.0505051,566.6424645,576.6183676,583.390276,637.3964748,610.2222699,632.4254075,654.6284081,659.3504046,705.9546419,739.1012368
Mora,Ligeiros,2498,2746,2578,2580,2596,2605,2681,2742,2704,2820,2841,Município,5099,4995,4893,4790,4683,4584,4484,4382,4283,4188,4138,489.8999804,549.7497497,526.8751277,538.6221294,554.345505,568.2809773,597.9036574,625.7416705,631.3331777,673.3524355,686.5635573
Mortágua,Ligeiros,5584,6294,6045,6259,6348,6476,6633,6735,6869,7225,7472,Município,9723,9634,9531,9439,9344,9240,9184,9075,8948,8856,8803,574.308341,653.3111895,634.2461442,663.0999047,679.3664384,700.8658009,722.2343206,742.1487603,767.6575771,815.831075,848.8015449
Moura,Ligeiros,6515,7489,7171,7072,7352,7042,7191,7562,8296,7952,8185,Município,15359,15176,15005,14809,14625,14425,14241,14080,13928,13749,13718,424.1812618,493.4765419,477.9073642,477.5474374,502.7008547,488.1802426,504.950495,537.0738636,595.6346927,578.369336,596.6613209
Mourão,Ligeiros,1176,1285,1227,1244,1272,1239,1258,1298,1294,1369,1408,Município,2726,2665,2644,2622,2601,2577,2529,2511,2484,2456,2450,431.4013206,482.1763602,464.0695915,474.446987,489.0426759,480.7916182,497.4298142,516.9255277,520.9339775,557.4104235,574.6938776
Murtosa,Ligeiros,4689,5057,5066,5128,5237,5329,5465,5896,6246,6248,6455,Município,10517,10601,10533,10488,10437,10383,10407,10341,10307,10244,10279,445.8495769,477.0304688,480.9645875,488.9397407,501.77254,513.2428007,525.1273182,570.157625,605.9959251,609.9180008,627.9793754
Murça,Ligeiros,2919,3279,3144,3143,3252,3321,3419,3475,3513,3673,3843,Município,6046,5962,5938,5861,5773,5718,5633,5558,5514,5480,5463,482.7985445,549.9832271,529.4712024,536.2566115,563.3119695,580.7974816,606.9589917,625.224901,637.1055495,670.2554745,703.4596376
Mértola,Ligeiros,3727,4042,4025,4077,4155,4065,4172,4256,4362,4630,4560,Município,7443,7304,7147,6978,6840,6681,6534,6424,6319,6202,6142,500.7389493,553.3953998,563.1733595,584.2648323,607.4561404,608.44185,638.5062749,662.5155666,690.299098,746.5333763,742.4291762
Nazaré,Ligeiros,6993,7628,7622,7602,7691,7801,7968,8229,8319,8763,9108,Município,15181,15184,14988,14813,14610,14487,14422,14350,14268,14180,14165,460.6415915,502.3709168,508.5401655,513.1978667,526.4202601,538.4827777,552.4892525,573.4494774,583.0529857,617.9830748,642.9932933
Nelas,Ligeiros,6996,7934,7621,7647,7633,7693,7902,8056,8263,8643,8906,Município,14105,14037,13951,13798,13670,13563,13472,13354,13201,13030,12974,495.9943283,565.2204887,546.2690847,554.2107552,558.3760059,567.2048957,586.5498812,603.2649393,625.937429,663.3154259,686.4498227
Nisa,Ligeiros,3501,3695,3673,3671,3718,3770,3765,3790,3976,3967,4010,Município,7611,7487,7337,7163,7019,6824,6649,6446,6292,6149,6061,459.9921167,493.522105,500.6133297,512.4947648,529.7050862,552.4618992,566.250564,587.9615265,631.913541,645.1455521,661.6069955
Nordeste,Ligeiros,1653,1779,1818,1822,1827,1833,1918,1987,2021,2110,2192,Município,5019,4956,4976,4996,5012,4990,4977,4952,4907,4875,4862,329.3484758,358.9588378,365.3536977,364.6917534,364.5251397,367.3346693,385.3727145,401.2520194,411.8606073,432.8205128,450.8432744
Odemira,Ligeiros,13101,13851,13992,14451,14410,14307,14823,15381,16341,17123,18002,Município,26151,26124,26010,25835,25704,25431,25135,24917,24741,24621,24717,500.9751061,530.202113,537.9469435,559.3574608,560.6131341,562.5811018,589.7354287,617.2894008,660.4825997,695.4632225,728.3246349
Odivelas,Ligeiros,59263,67264,69531,69300,70054,68235,68771,69478,68109,71033,73893,Município,143257,144444,146970,148791,151012,152840,154462,156083,157829,159602,161774,413.683101,465.675279,473.0965503,465.7539771,463.8969089,446.4472651,445.2292473,445.1349602,431.5366631,445.0633451,456.7668476
Oeiras,Ligeiros,111428,123271,121295,118842,119388,117406,118227,123056,145198,165458,178432,Município,171380,172191,172764,172822,172556,172959,173339,174249,175224,176218,177408,650.1808846,715.896882,702.0849251,687.6555068,691.8797376,678.8082725,682.0565482,706.2077831,828.6421951,938.9392684,1005.772006
Oleiros,Ligeiros,2684,2886,2928,2886,2837,2844,2870,2967,3086,3196,3267,Município,5834,5747,5648,5544,5444,5360,5270,5197,5120,5045,5003,460.0617072,502.1750479,518.4135977,520.5627706,521.1241734,530.5970149,544.5920304,570.9062921,602.734375,633.4985134,653.0081951
Olhão,Ligeiros,19334,20668,20199,19892,20366,20467,20958,19811,23619,25094,26033,Município,44922,45401,45157,45216,45201,45175,45253,45143,44849,44607,44405,430.3904546,455.2322636,447.3060655,439.9327672,450.565253,453.060321,463.1295163,438.8498771,526.6338157,562.5574461,586.2628082
Oliveira de Azeméis,Ligeiros,37527,42608,42156,42935,43543,39531,36932,33478,41852,41484,42667,Município,69150,68700,68568,68186,67756,67349,66978,66496,66258,66113,66011,542.6898048,620.2037846,614.8057403,629.6747133,642.6441939,586.9574901,551.4049389,503.4588547,631.6520269,627.4711479,646.36197
Oliveira de Frades,Ligeiros,5966,6695,6127,6123,6058,6056,6230,6467,6659,6925,7219,Município,10329,10273,10246,10207,10153,10089,10060,9999,9955,9920,9936,577.5970568,651.7083617,597.9894593,599.8824336,596.6709347,600.2577064,619.2842942,646.7646765,668.9100954,698.0846774,726.5499195
Oliveira do Bairro,Ligeiros,13266,14741,14253,14159,14123,14148,14440,14930,15649,16037,16587,Município,22871,23029,23201,23356,23443,23467,23661,23746,23847,23944,24277,580.0358533,640.1059534,614.3269687,606.2253811,602.4399608,602.8891635,610.2869701,628.7374716,656.2251017,669.7711326,683.23928
Oliveira do Hospital,Ligeiros,10892,11748,12212,12428,12367,12184,12525,12895,13309,13782,14205,Município,21085,20900,20722,20519,20294,20092,19984,19767,19564,19331,19253,516.5757648,562.1052632,589.3253547,605.6825381,609.3919385,606.4105116,626.7514011,652.3498761,680.2801063,712.9481144,737.807095
Ourique,Ligeiros,2945,3143,3134,3137,3220,3276,3339,3543,3974,3684,3739,Município,5499,5421,5322,5221,5144,5026,4912,4825,4735,4653,4607,535.5519185,579.782328,588.8763623,600.8427504,625.9720062,651.810585,679.7638436,734.3005181,839.281943,791.7472598,811.5910571
Ourém,Ligeiros,27038,29996,28776,28560,28866,29535,30334,31043,32015,33311,34756,Município,46140,46001,45885,45638,45452,45127,45037,44751,44406,44068,44044,585.9991331,652.072781,627.13305,625.7942942,635.0875649,654.4862278,673.5350934,693.6828227,720.9611314,755.8999728,789.1199709
Ovar,Ligeiros,26778,28789,28884,28971,28868,29046,29879,31215,33868,33504,34584,Município,55538,55436,55244,55094,54919,54679,54607,54481,54318,54120,54260,482.1563614,519.3195757,522.8441098,525.8467347,525.6468617,531.2094223,547.164283,572.9520383,623.5133841,619.0687361,637.375599
Palmela,Ligeiros,31228,34223,34752,34668,35449,34861,36033,36780,37544,39591,41256,Município,61914,62876,63412,63694,63752,64019,64110,64146,64230,64214,64269,504.3770391,544.2935301,548.0350722,544.289886,556.0453005,544.5414643,562.0496022,573.3794781,584.5243656,616.5477933,641.926901
Pampilhosa da Serra,Ligeiros,2023,2070,2031,2068,2069,2089,2080,2089,2136,2154,2201,Município,4589,4507,4430,4314,4257,4197,4143,4112,4086,4052,4037,440.8367836,459.2855558,458.4650113,479.3694947,486.0230209,497.7364784,502.0516534,508.0252918,522.7606461,531.5893386,545.2068368
Paredes,Ligeiros,38383,41666,41331,41538,42105,42956,43935,45550,53228,55516,57690,Município,86836,86849,87159,87020,86876,86668,86554,86263,86115,86072,86067,442.0171358,479.7522136,474.2023199,477.3385429,484.6562917,495.6385286,507.6021905,528.0363539,618.1036985,644.994888,670.2917495
Paredes de Coura,Ligeiros,4491,4854,4913,4927,4885,4926,5069,5250,5341,5568,5796,Município,9267,9213,9166,9086,8991,8898,8833,8712,8617,8560,8535,484.6228553,526.8642136,536.0026184,542.2628219,543.3210989,553.6075523,573.8707121,602.6170799,619.8212835,650.4672897,679.086116
Paços de Ferreira,Ligeiros,24857,28151,27244,27410,27583,28306,28493,27498,31543,33184,34564,Município,56196,56350,56769,56929,57001,56984,57024,56838,56705,56709,56728,442.326856,499.5740905,479.9098099,481.4769274,483.9037912,496.7359259,499.666807,483.7960519,556.2648796,585.1628489,609.2934706
Pedrógão Grande,Ligeiros,2032,2186,2151,2209,2220,2204,2241,2254,2216,2171,2160,Município,3997,3932,3850,3761,3686,3608,3562,3516,3479,3429,3410,508.381286,555.9511699,558.7012987,587.3437915,602.2788931,610.864745,629.1409321,641.069397,636.964645,633.1291922,633.431085
Penacova,Ligeiros,7872,9157,8484,8410,8428,8526,8648,8852,9189,9410,9756,Município,15463,15286,15091,14887,14678,14506,14399,14200,13999,13812,13694,509.0862058,599.0448777,562.1893844,564.9224155,574.1926693,587.7567903,600.5972637,623.3802817,656.4040289,681.2916305,712.4288009
Penafiel,Ligeiros,31424,33702,33715,34008,33768,35336,37855,41707,39944,41758,43894,Município,72519,72330,72227,71848,71434,71023,70759,70333,70078,69922,69772,433.3209228,465.9477395,466.7921968,473.332591,472.7160736,497.5289695,534.9849489,592.9933317,569.9934359,597.2083178,629.1062317
Penalva do Castelo,Ligeiros,3995,4346,5179,4837,4677,4460,4556,4689,4879,5042,5168,Município,8100,7967,7893,7795,7679,7579,7493,7387,7283,7175,7115,493.2098765,545.5001883,656.1510199,620.5259782,609.0636802,588.4681356,608.0341652,634.7637742,669.9162433,702.71777,726.3527758
Penamacor,Ligeiros,2485,2714,2748,2794,2884,2908,3734,4496,4574,4605,4613,Município,5839,5733,5585,5443,5324,5203,5116,5005,4920,4831,4755,425.586573,473.3996163,492.0322292,513.3198604,541.6979715,558.9083221,729.8670837,898.3016983,929.6747967,953.2187953,970.1366982
Penedono,Ligeiros,1666,1770,1815,1820,1856,1886,1935,2002,2092,2128,2179,Município,3028,2962,2927,2876,2831,2774,2736,2683,2643,2610,2591,550.1981506,597.56921,620.0888282,632.8233658,655.5987284,679.8846431,707.2368421,746.1796496,791.5247824,815.3256705,840.9880355
Penela,Ligeiros,3110,3752,3727,3428,3421,3474,3545,4232,4600,3916,4026,Município,6050,5995,5910,5821,5734,5657,5612,5556,5485,5439,5397,514.0495868,625.8548791,630.6260575,588.9022505,596.6166725,614.1064168,631.6821098,761.6990641,838.650866,719.9852914,745.9699833
Peniche,Ligeiros,13012,13792,13698,13515,13592,13645,14025,14344,14883,15561,16081,Município,27817,27811,27581,27404,27205,27028,26994,26848,26683,26487,26501,467.7715066,495.918881,496.646242,493.1761787,499.6140415,504.8468255,519.5599022,534.2669845,557.7708653,587.4957526,606.8072903
Peso da Régua,Ligeiros,7753,8751,8321,8221,8284,8258,8397,8555,8700,9258,9435,Município,17369,17157,17036,16793,16597,16395,16225,16037,15927,15830,15773,446.3699695,510.0542053,488.4362526,489.5492169,499.1263481,503.6901494,517.5346687,533.4538879,546.2422302,584.8389135,598.174095
Pinhel,Ligeiros,5403,5840,5849,5841,5959,6031,6187,6334,6360,6551,6765,Município,9805,9647,9503,9334,9205,9086,8983,8843,8727,8607,8511,551.045385,605.3695449,615.4898453,625.7767302,647.3655622,663.768435,688.745408,716.2727581,728.7727741,761.124666,794.8537187
Pombal,Ligeiros,32303,34895,34748,34575,33931,34039,36358,38679,37716,39438,40889,Município,55599,55339,55018,54624,54201,53788,53604,52971,52324,51684,51461,580.9996583,630.5679539,631.5751209,632.9635325,626.0216601,632.8363204,678.2702783,730.1919918,720.8164513,763.0601347,794.5628729
Ponta Delgada,Ligeiros,29893,33262,33175,32802,34105,33790,34971,35993,36836,39928,41422,Município,68679,68795,68846,68876,68768,68517,68403,68352,68055,67864,67935,435.2567743,483.49444,481.8725852,476.2471688,495.9428804,493.1622809,511.2495066,526.5829822,541.268092,588.3531769,609.7298889
Ponta do Sol,Ligeiros,3633,4172,4615,4689,4909,4846,5047,5273,4352,4662,5068,Município,8817,8863,8808,8798,8787,8694,8619,8557,8559,8544,8593,412.0449132,470.7209748,523.955495,532.9620368,558.6662114,557.3959052,585.5667711,616.2206381,508.4706157,545.6460674,589.782381
Ponte da Barca,Ligeiros,5577,6190,6164,6226,6317,6430,6682,6885,6971,7282,7585,Município,12215,12083,12018,11889,11768,11639,11516,11392,11287,11210,11180,456.5697912,512.2899942,512.8973207,523.6773488,536.7946975,552.4529599,580.2361931,604.3714888,617.6131833,649.5985727,678.4436494
Ponte de Lima,Ligeiros,20083,21982,22043,22675,22881,23232,24088,25024,25735,26880,27995,Município,43799,43554,43482,43283,43019,42708,42512,42060,41724,41499,41315,458.5264504,504.7068008,506.9454027,523.8777349,531.8812618,543.9730261,566.6164848,594.9595816,616.7912952,647.7264512,677.598935
Ponte de Sor,Ligeiros,8453,9298,8985,8902,8935,8878,9126,9287,9359,9751,10081,Município,16931,16760,16570,16366,16184,15926,15709,15489,15285,15092,14994,499.2617093,554.7732697,542.2450211,543.9325431,552.0884825,557.4532211,580.9408619,599.5868035,612.2996402,646.1038961,672.3356009
Portalegre,Ligeiros,13167,14216,13960,13852,14507,14006,14087,14240,14427,14817,15120,Município,25143,24976,24602,24230,23915,23525,23175,22922,22627,22359,22172,523.6845245,569.186419,567.433542,571.6879901,606.6067322,595.3666312,607.8532902,621.2372393,637.601096,662.6861666,681.9411871
Portel,Ligeiros,2519,2984,2933,2901,2924,2895,2973,3049,2981,3152,3293,Município,6536,6439,6381,6326,6307,6200,6104,6016,5938,5870,5828,385.4039168,463.4259978,459.6458235,458.5836231,463.6118598,466.9354839,487.0576671,506.8151596,502.0208825,536.967632,565.0308854
Portimão,Ligeiros,28033,30454,30489,30252,30803,31038,31722,33012,33761,35709,37761,Município,54602,55654,55265,55209,55152,55229,55439,55453,55331,55416,55483,513.4061023,547.2023574,551.6873247,547.9541379,558.5110241,561.9873617,572.1964682,595.3149514,610.164284,644.3806843,680.5868464
Porto,Ligeiros,126951,116758,113256,112283,111076,108951,109735,112224,112907,115894,117933,Município,241254,238046,233061,227535,222252,218231,214579,214119,214587,215284,216606,526.2130369,490.4850323,485.9500302,493.475729,499.7750301,499.2462116,511.396735,524.1197652,526.159553,538.3307631,544.4586023
Porto Moniz,Ligeiros,1030,1114,1145,1140,1137,1112,1146,1220,1261,1306,1372,Município,2762,2719,2643,2582,2530,2469,2417,2390,2370,2350,2342,372.9181752,409.709452,433.219826,441.5182029,449.4071146,450.3847712,474.1414977,510.460251,532.0675105,555.7446809,585.824082
Porto Santo,Ligeiros,2761,2924,2810,2692,2696,2759,2807,2863,3014,3154,3320,Município,5388,5486,5385,5346,5299,5251,5186,5162,5173,5176,5202,512.4350408,532.9930733,521.81987,503.5540591,508.7752406,525.4237288,541.2649441,554.6299884,582.6406341,609.3508501,638.2160707
Porto de Mós,Ligeiros,14151,15409,15148,15115,15048,15082,15521,15979,16464,16988,17580,Município,24391,24374,24273,24154,24010,23844,23792,23633,23456,23288,23275,580.1730146,632.1900386,624.0678944,625.7762689,626.7388588,632.5280993,652.3621385,676.130834,701.9099591,729.4744074,755.3168636
Povoação,Ligeiros,2056,2180,2193,2218,2262,2274,2316,2414,2443,2545,2675,Município,6399,6323,6290,6253,6200,6149,6132,6080,5995,5954,5927,321.3002032,344.7730508,348.6486486,354.7097393,364.8387097,369.8162303,377.6908023,397.0394737,407.5062552,427.4437353,451.3244474
Proença-a-Nova,Ligeiros,4267,4491,4541,4460,4481,4497,4606,4689,4772,4945,5087,Município,8486,8343,8240,8116,7989,7839,7741,7623,7505,7390,7298,502.8281876,538.2955771,551.092233,549.5317891,560.8962323,573.670111,595.0135641,615.1121606,635.8427715,669.1474966,697.040285
Póvoa de Lanhoso,Ligeiros,10360,11619,11324,11830,11910,11996,12459,12850,13342,13896,14633,Município,22041,21896,21947,21889,21844,21743,21690,21521,21464,21446,21499,470.0331201,530.6448666,515.9702921,540.4541094,545.2298114,551.7177942,574.4121715,597.0912132,621.5989564,647.9529982,680.6363087
Póvoa de Varzim,Ligeiros,29215,30811,30661,30650,30844,31184,32128,33128,34063,35932,37492,Município,63674,63483,63504,63282,62999,62707,62522,62344,62376,62510,62784,458.821497,485.3425326,482.8199798,484.3399387,489.5950729,497.2969525,513.8671188,531.3743103,546.0914454,574.8200288,597.1585117
Redondo,Ligeiros,3169,3476,3398,3399,3806,3524,3623,3736,3964,3937,4033,Município,7089,7055,6994,6922,6842,6737,6649,6567,6475,6387,6353,447.0306108,492.7002126,485.84501,491.0430511,556.2700965,523.0814903,544.893969,568.9051317,612.2007722,616.4083294,634.8181961
Reguengos de Monsaraz,Ligeiros,4351,5206,5301,5230,5338,5560,5631,4690,4968,5300,5599,Município,10913,10846,10784,10721,10625,10480,10363,10254,10128,10036,10015,398.6987996,479.992624,491.5615727,487.827628,502.4,530.5343511,543.3754704,457.3824849,490.521327,528.0988442,559.0614079
Resende,Ligeiros,4755,5088,5173,5197,5241,5286,5397,5549,5698,5934,6154,Município,11537,11397,11280,11083,10901,10725,10592,10486,10366,10241,10137,412.1522059,446.4332719,458.5992908,468.9163584,480.7815797,492.8671329,509.5354985,529.1817662,549.6816516,579.435602,607.0829634
Ribeira Brava,Ligeiros,5111,5681,5613,5626,6079,5793,6018,6350,6398,6796,7091,Município,13381,13387,13144,13032,12889,12720,12555,12446,12428,12411,12435,381.9594948,424.3669231,427.0389531,431.7065684,471.6424858,455.4245283,479.3309438,510.2040816,514.8052784,547.5787608,570.2452754
Ribeira Grande,Ligeiros,8947,9899,10002,10276,10497,10575,10970,11425,11844,13043,13675,Município,31731,32054,32299,32513,32661,32625,32720,32770,32721,32698,32811,281.96401,308.8226118,309.66903,316.0581921,321.3924865,324.137931,335.2689487,348.6420507,361.9693775,398.8928986,416.7809576
Ribeira de Pena,Ligeiros,2823,3201,3208,3220,3319,3398,3485,3586,3714,3953,4055,Município,6680,6564,6517,6419,6346,6269,6222,6144,6088,6031,6016,422.6047904,487.6599634,492.2510358,501.6357688,523.0066183,542.032222,560.1092896,583.6588542,610.0525624,655.4468579,674.0359043
Rio Maior,Ligeiros,11672,13078,12696,12460,12363,12467,12621,13035,13568,14190,14732,Município,21237,21220,21201,21110,21063,20872,20704,20582,20437,20340,20379,549.6068183,616.3053723,598.8396774,590.2415917,586.9534254,597.3073975,609.5923493,633.320377,663.8939179,697.640118,722.9010256
Sabrosa,Ligeiros,3306,3594,3508,3548,3608,3590,3650,3682,3717,4009,4159,Município,6458,6378,6339,6256,6172,6099,6024,5956,5938,5917,5918,511.923196,563.4995296,553.3995898,567.1355499,584.5755023,588.6210854,605.9096946,618.2001343,625.9683395,677.5392936,702.7712065
Sabugal,Ligeiros,6513,7080,7034,7145,7336,7269,6640,6015,6059,6498,6767,Município,12835,12591,12351,12146,11914,11687,11489,11242,11003,10748,10585,507.4405921,562.3064093,569.5085418,588.2595093,615.746181,621.9731325,577.9441205,535.0471446,550.6679996,604.5775958,639.3008975
Salvaterra de Magos,Ligeiros,10790,11763,11811,11852,11961,11962,12288,12660,13015,13573,14162,Município,22034,22191,22223,22196,22190,21963,21755,21567,21420,21268,21295,489.6977399,530.0797621,531.4763983,533.9700847,539.0265886,544.6432637,564.83567,587.0079288,607.6097106,638.1888283,665.0387415
Santa Comba Dão,Ligeiros,6777,7405,7094,7004,7127,7047,7186,7346,6941,7270,7467,Município,11726,11612,11474,11317,11166,11010,10905,10756,10640,10506,10452,577.9464438,637.7023769,618.2673871,618.8919325,638.2769121,640.0544959,658.9637781,682.967646,652.3496241,691.9855321,714.4087256
Santa Cruz,Ligeiros,17936,19291,19384,19441,20252,20279,20831,21005,22321,23477,24420,Município,41816,43009,43086,43529,43827,43873,43925,44026,44417,44744,45281,428.9267266,448.5340278,449.8909158,446.6217924,462.0895795,462.2205001,474.2401821,477.1044383,502.532814,524.6960486,539.2990437
Santa Cruz da Graciosa (R.A.A.),Ligeiros,1784,1909,1936,1938,1964,1973,2021,2126,2203,2301,2369,Município,4459,4403,4409,4410,4400,4363,4339,4301,4267,4225,4208,400.0897062,433.5680218,439.1018372,439.4557823,446.3636364,452.2117809,465.7755243,494.3036503,516.28779,544.6153846,562.9752852
Santa Cruz das Flores,Ligeiros,1151,1428,1364,1284,1239,996,1012,1038,1057,1152,1161,Município,2322,2296,2279,2258,2237,2215,2196,2198,2177,2164,2165,495.6933678,621.9512195,598.5081176,568.6448184,553.8667859,449.6613995,460.8378871,472.2474977,485.5305466,532.3475046,536.2586605
Santa Maria da Feira,Ligeiros,69849,76679,75275,75587,76732,76400,79476,84347,86749,90568,93519,Município,139561,139404,140007,140066,140038,139610,139478,138867,138613,138525,138636,500.4908248,550.0487791,537.6516888,539.6527351,547.9369885,547.2387365,569.8102927,607.3941253,625.8359606,653.8025627,674.565048
Santa Marta de Penaguião,Ligeiros,3787,4067,3890,3804,3869,3864,4027,4093,4225,4324,4430,Município,7499,7371,7274,7152,7045,6940,6848,6763,6705,6649,6599,505.0006668,551.7568851,534.7814133,531.8791946,549.1838183,556.7723343,588.0549065,605.2047908,630.1267711,650.3233569,671.3138354
Santana,Ligeiros,3361,3614,3630,3532,3561,3518,3596,3723,3889,4033,4181,Município,7871,7731,7543,7404,7272,7131,6992,6876,6808,6750,6711,427.010545,467.4686328,481.2408856,477.0394381,489.6864686,493.3389426,514.3020595,541.4485166,571.239718,597.4814815,623.0070034
Santarém,Ligeiros,31869,35080,34519,34075,33957,33802,34433,34798,35757,37026,38192,Município,62596,62309,61788,61222,60257,59406,58688,58255,57823,57398,57421,509.1219886,563.0005296,558.6683498,556.5809676,563.5361867,568.9997643,586.7127863,597.3392842,618.387147,645.0747413,665.1225162
Santiago do Cacém,Ligeiros,16502,17773,20826,20026,19558,18225,18284,18618,18848,19494,20046,Município,29980,29792,29830,29833,29794,29500,29183,29047,28892,28725,28791,550.4336224,596.5695489,698.1562186,671.2700701,656.4408941,617.7966102,626.5291437,640.9612008,652.360515,678.6422977,696.2592477
Santo Tirso,Ligeiros,33320,36045,35946,36186,36577,36812,37896,38741,39594,41216,42381,Município,72013,71612,71451,70996,70477,70001,69557,68983,68524,68221,68055,462.6942358,503.3374295,503.086031,509.6906868,518.9920116,525.8782017,544.8193568,561.6021339,577.8121534,604.1541461,622.7463081
Sardoal,Ligeiros,2128,2289,2290,2293,2266,2219,2280,2272,2301,2378,2477,Município,3973,3946,3945,3913,3874,3837,3821,3792,3778,3739,3741,535.615404,580.0810948,580.4816223,585.9953999,584.925142,578.316393,596.7024339,599.1561181,609.0524087,635.9989302,662.1224272
Seia,Ligeiros,13187,14549,14381,14331,14348,14373,14737,15025,15310,15755,16066,Município,25102,24758,24466,24121,23795,23508,23329,23027,22742,22412,22234,525.3366266,587.6484369,587.7953078,594.1295966,602.9838201,611.4088821,631.7030306,652.4948973,673.203764,702.9716223,722.5870289
Seixal,Ligeiros,69405,75228,74319,73757,74466,74137,76038,77857,79426,83541,86632,Município,157571,158285,160237,161436,162516,163737,164625,165123,165971,166835,167752,440.4681064,475.2692927,463.8067363,456.8807453,458.2071919,452.7809841,461.8861048,471.5091174,478.5534822,500.7402523,516.4290143
Sernancelhe,Ligeiros,3119,3475,3363,3423,3428,3474,3364,2962,2924,3297,3459,Município,5750,5681,5673,5634,5594,5538,5484,5437,5401,5384,5396,542.4347826,611.6880831,592.8080381,607.5612354,612.799428,627.3022752,613.4208607,544.7857274,541.3812257,612.3699851,641.0303929
Serpa,Ligeiros,7335,7883,8047,8011,8038,8029,8190,8466,8867,9065,9387,Município,15836,15676,15570,15467,15374,15189,15005,14809,14620,14374,14304,463.1851478,502.8706303,516.8272319,517.9414237,522.8307532,528.6062282,545.8180606,571.6793842,606.497948,630.6525671,656.25
Sertã,Ligeiros,8585,9278,9398,9441,9494,9471,9724,9943,10369,10951,11397,Município,16019,15934,15770,15612,15422,15286,15165,14983,14854,14682,14577,535.9260878,582.2768922,595.9416614,604.727133,615.6140578,619.5865498,641.2133201,663.6187679,698.0611283,745.879308,781.8481169
Sesimbra,Ligeiros,23203,25645,25871,25561,25758,25707,26562,28751,29739,31240,31985,Município,48350,49506,49969,50214,50337,50601,50734,50972,51282,51559,51858,479.8965874,518.018018,517.7409994,509.0413032,511.7110674,508.0334381,523.554224,564.0547752,579.9110799,605.907795,616.7804389
Setúbal,Ligeiros,55927,61512,60381,60023,59517,58982,59797,59398,60659,64543,67443,Município,120643,121257,120864,119799,118689,118166,117780,116979,116330,115758,115126,463.5743475,507.2861773,499.5780381,501.0308934,501.4533782,499.1452702,507.7007981,507.7663512,521.4390097,557.5683754,585.8190157
Sever do Vouga,Ligeiros,7378,8364,7861,7529,7586,7644,7832,8758,10876,8769,8854,Município,12507,12391,12253,12125,12000,11908,11852,11702,11544,11403,11331,589.9096506,675.0060528,641.5571697,620.9484536,632.1666667,641.9213974,660.8167398,748.4190737,942.1344421,769.0081557,781.3961698
Silves,Ligeiros,19424,21090,20700,20703,21037,21194,21570,22721,23594,24923,26146,Município,36824,37161,36780,36724,36636,36562,36547,36476,36258,36174,36226,527.4820769,567.5304755,562.8058728,563.7457793,574.2166175,579.6728844,590.1989219,622.9027306,650.7253572,688.9755073,721.7468117
Sines,Ligeiros,7068,7789,7974,7936,8084,7811,8019,8169,8183,8676,9029,Município,14194,14255,14185,14076,13984,13818,13678,13665,13662,13631,13715,497.9568832,546.4047703,562.1431089,563.7965331,578.0892449,565.2771747,586.2699225,597.8046103,598.9606207,636.4903529,658.3302953
Sintra,Ligeiros,175171,187616,185086,182550,185893,183144,186950,190553,197682,209674,207827,Município,376921,377680,379786,379963,379756,380934,382521,383946,386038,388434,391402,464.7419486,496.7591612,487.342872,480.4415167,489.5064199,480.7761975,488.7313376,496.3015632,512.0791217,539.793118,530.9809352
Sobral de Monte Agraço,Ligeiros,5618,6114,5956,5962,5960,7146,7854,8388,9144,10030,10693,Município,10053,10173,10169,10193,10211,10183,10230,10295,10408,10490,10651,558.8381578,601.0026541,585.7016422,584.9112136,583.6842621,701.7578317,767.7419355,814.7644488,878.5549577,956.1487131,1003.943292
Soure,Ligeiros,9554,10677,10530,10628,11129,10764,11000,11312,11492,11770,12094,Município,19511,19298,19033,18740,18499,18231,18027,17799,17520,17277,17120,489.6724924,553.2697689,553.2496191,567.1291355,601.6000865,590.422906,610.1958174,635.5413225,655.9360731,681.2525323,706.4252336
Sousel,Ligeiros,2653,2891,2769,2754,2732,2711,2712,2731,2863,2905,2972,Município,5180,5098,5016,4935,4873,4762,4674,4606,4536,4454,4412,512.1621622,567.0851314,552.0334928,558.0547112,560.6402627,569.298614,580.2310655,592.9222753,631.1728395,652.2227211,673.6174071
Sátão,Ligeiros,6284,6918,7001,7070,7087,7060,7342,7833,8055,8225,8534,Município,12605,12491,12370,12261,12147,12010,11949,11835,11743,11602,11580,498.5323284,553.8387639,565.9660469,576.6250714,583.4362394,587.8434638,614.4447234,661.8504436,685.9405603,708.9294949,736.9602763
São Brás de Alportel,Ligeiros,7487,8083,8165,7902,7741,7809,8036,8305,8030,8665,8885,Município,10604,10671,10558,10552,10538,10531,10575,10536,10459,10416,10416,706.0543191,757.4735264,773.3472249,748.8627748,734.5796166,741.5250214,759.9054374,788.2498102,767.7598241,831.8932412,853.0145929
São João da Madeira,Ligeiros,11356,11455,10514,9779,9365,13814,15007,13341,13769,13932,14188,Município,21756,21723,21749,21685,21625,21548,21449,21460,21581,21761,21958,521.9709505,527.3212724,483.4245253,450.9568826,433.0635838,641.0803787,699.6596578,621.6682199,638.0149205,640.2279307,646.1426359
São João da Pesqueira,Ligeiros,3711,3991,4102,4123,4186,4272,4356,4442,4576,4756,4912,Município,8001,7905,7799,7666,7555,7465,7370,7269,7205,7154,7125,463.8170229,504.8703352,525.9648673,537.8293765,554.0701522,572.2705961,591.0447761,611.0881827,635.1145038,664.8029075,689.4035088
São Pedro do Sul,Ligeiros,8309,9354,9255,9273,9250,9222,9387,9631,9847,10289,10672,Município,17074,16880,16695,16521,16336,16165,16065,15875,15685,15488,15403,486.6463629,554.1469194,554.3575921,561.2856365,566.2340842,570.4918033,584.3137255,606.6771654,627.7972585,664.3207645,692.8520418
São Roque do Pico,Ligeiros,1705,1783,1879,1948,1990,2118,2209,2285,2216,2302,2383,Município,3417,3390,3395,3380,3361,3316,3303,3295,3278,3264,3266,498.9757097,525.9587021,553.460972,576.3313609,592.0856888,638.721351,668.7859522,693.4749621,676.0219646,705.2696078,729.6387018
São Vicente,Ligeiros,2296,2523,2494,2508,2519,2494,2521,2610,2758,2886,3018,Município,5810,5733,5589,5518,5416,5301,5216,5160,5151,5150,5143,395.1807229,440.0837258,446.2336733,454.5125045,465.1033973,470.4772684,483.3205521,505.8139535,535.4300136,560.3883495,586.8170329
Tabuaço,Ligeiros,2776,2986,2963,2958,2975,2991,3066,3128,3201,3298,3338,Município,6428,6364,6347,6301,6247,6186,6138,6081,6039,6017,6033,431.8606098,469.2017599,466.8347251,469.4492938,476.2285897,483.5111542,499.5112414,514.3890807,530.0546448,548.1136779,553.290237
Tarouca,Ligeiros,3730,4039,4006,3995,4038,4126,4224,4394,4431,4687,4912,Município,8130,8068,8018,7959,7894,7833,7784,7752,7743,7761,7804,458.7945879,500.6197323,499.6258419,501.9474808,511.5277426,526.745819,542.651593,566.8214654,572.2588144,603.917021,629.4208098
Tavira,Ligeiros,13475,14506,14469,14416,14749,14938,15392,16013,16540,17610,18457,Município,26120,26215,25860,25753,25624,25511,25415,25263,25014,24750,24530,515.8882083,553.3473202,559.512761,559.7794432,575.5931939,585.5513308,605.6265985,633.8518782,661.2297114,711.5151515,752.4256013
Terras de Bouro,Ligeiros,3533,3791,3768,3784,3834,3848,3916,4103,4418,4372,4539,Município,7426,7280,7141,7000,6857,6768,6655,6560,6487,6405,6361,475.7608403,520.7417582,527.6571909,540.5714286,559.1366487,568.5579196,588.4297521,625.4573171,681.0544165,682.5917252,713.5670492
Tomar,Ligeiros,22342,23927,23687,23128,23143,22958,23301,23670,24440,25296,25991,Município,41035,40786,40208,39666,39085,38581,38183,37795,37351,36902,36748,544.4620446,586.647379,589.1116196,583.068623,592.119739,595.0597444,610.2453972,626.2733166,654.3332173,685.4913013,707.2765865
Tondela,Ligeiros,13857,15846,15937,16091,16182,16394,16665,16940,17018,17947,18564,Município,29315,29014,28733,28488,28167,27848,27701,27315,26942,26548,26357,472.6931605,546.1501344,554.6584067,564.8343162,574.5020769,588.6957771,601.6028302,620.1720666,631.6531809,676.0207925,704.3290208
Torre de Moncorvo,Ligeiros,4386,4668,4737,4754,4789,4830,4968,5029,5147,5289,5443,Município,8748,8613,8497,8373,8220,8099,7975,7853,7797,7716,7695,501.3717421,541.9714385,557.4908791,567.7773797,582.6034063,596.3699222,622.9467085,640.3922068,660.1256894,685.4587869,707.3424301
Torres Novas,Ligeiros,20218,21337,21197,21082,21083,21044,21380,21666,22393,23185,23687,Município,36838,36812,36590,36338,36056,35738,35587,35420,35208,34970,34933,548.8354417,579.6207758,579.3112872,580.1640156,584.72931,588.8410096,600.7811841,611.6883117,636.0202227,662.9968544,678.0694472
Torres Vedras,Ligeiros,42339,46860,45701,46166,46637,46343,47768,49329,51103,53186,55587,Município,79010,79552,79505,79426,79201,78932,78989,78700,78518,78220,78530,535.8688774,589.0486726,574.8191938,581.245436,588.8435752,587.1256271,604.7424325,626.797967,650.8443924,679.953976,707.844136
Trancoso,Ligeiros,5476,5968,5954,5926,5943,6012,6327,7059,7370,7554,7809,Município,10049,9922,9815,9666,9537,9410,9345,9209,9072,8946,8875,544.9298438,601.4916348,606.6225166,613.0767639,623.1519346,638.8947928,677.046549,766.5327397,812.3897707,844.3997317,879.8873239
Trofa,Ligeiros,19921,21325,21134,21236,21406,21673,22447,23115,23566,24628,25596,Município,38997,39033,39010,38843,38642,38406,38264,38210,38257,38317,38418,510.8341667,546.3325904,541.7585235,546.7136936,553.9568345,564.3128678,586.6349571,604.9463491,615.9918446,642.7434298,666.2501952
Tábua,Ligeiros,6345,6826,6865,6886,6948,6926,7065,7213,7618,7972,8204,Município,12190,12113,12012,11931,11855,11757,11726,11623,11529,11403,11368,520.5086136,563.5267894,571.5118215,577.1519571,586.081822,589.0958578,602.5072488,620.5798847,660.7684968,699.1142682,721.6748768
Vagos,Ligeiros,12715,14633,13841,14045,14177,14229,14647,15330,15932,16172,16787,Município,22824,22872,22910,22880,22897,22823,22905,22840,22753,22685,22740,557.0890291,639.7778944,604.1466608,613.8548951,619.1640826,623.4500285,639.4673652,671.1908932,700.2153562,712.8939828,738.2145998
Vale de Cambra,Ligeiros,12874,14200,13949,14033,14138,14272,14562,15359,15883,15951,16384,Município,23166,22906,22772,22558,22319,22123,21911,21676,21525,21399,21327,555.7282224,619.9249105,612.5505006,622.0852912,633.4513195,645.1204629,664.5976907,708.5716922,737.8861789,745.408664,768.2280677
Valença,Ligeiros,7742,8621,8366,8278,8240,8147,8350,8591,8625,9100,9502,Município,14166,14155,14045,13933,13804,13664,13554,13437,13341,13283,13290,546.5198362,609.0427411,595.6568174,594.1290461,596.9284265,596.2382904,616.0543013,639.3540225,646.5032606,685.0862004,714.9736644
Valongo,Ligeiros,41060,43540,43333,43297,43478,43910,44932,45800,45819,48029,49990,Município,93362,93901,94577,94884,95123,95087,95188,95411,95908,96570,97444,439.793492,463.679833,458.1769352,456.3150795,457.0713708,461.7876261,472.03429,480.0285082,477.7390833,497.3490732,513.0126021
Valpaços,Ligeiros,7944,9008,8612,8679,8772,8757,8961,9218,9462,9823,10182,Município,17277,16931,16699,16407,16097,15875,15620,15336,15111,14932,14818,459.802049,532.0418168,515.7195042,528.9815323,544.9462633,551.6220472,573.68758,601.0693792,626.1663689,657.8489151,687.1372655
Velas (R.A.A.),Ligeiros,2603,2594,2624,2648,2719,2705,2803,2895,3091,3225,3345,Município,5459,5413,5379,5357,5337,5292,5244,5213,5171,5137,5093,476.8272577,479.2167005,487.8230154,494.3065148,509.4622447,511.148904,534.5156369,555.3424132,597.7567202,627.7983259,656.7838209
Vendas Novas,Ligeiros,6692,7180,6851,6747,6744,6725,6923,8053,8539,8169,8374,Município,11874,11853,11857,11827,11804,11669,11534,11463,11381,11259,11255,563.5843018,605.7538176,577.8021422,570.4743384,571.3317519,576.3133088,600.2254205,702.521155,750.2855637,725.552891,744.0248778
Viana do Alentejo,Ligeiros,2791,3389,3073,3055,3067,3074,3097,3090,3147,3255,3303,Município,5761,5758,5706,5623,5515,5414,5315,5263,5200,5142,5145,484.4645027,588.572421,538.5559061,543.304286,556.1196736,567.7872183,582.6904986,587.1176135,605.1923077,633.0221704,641.9825073
Viana do Castelo,Ligeiros,44024,49138,48828,49387,49894,50417,51195,52228,53472,56245,58423,Município,89210,88851,88522,87896,87243,86620,86136,85445,85017,84636,84417,493.4872772,553.0382325,551.5916947,561.879949,571.8968857,582.0480259,594.3507941,611.247001,628.9565616,664.5517274,692.0762406
Vidigueira,Ligeiros,2720,3147,3236,2936,3016,2927,2948,3408,4269,3377,3449,Município,5974,5939,5902,5844,5797,5722,5654,5607,5543,5498,5510,455.3063274,529.8871864,548.2887157,502.3956194,520.2691047,511.5344285,521.4007782,607.811664,770.1605629,614.2233539,625.9528131
Vieira do Minho,Ligeiros,6445,7386,7544,7538,7461,7223,7384,7754,7996,8127,8307,Município,13233,13021,12900,12719,12583,12441,12292,12134,12018,11898,11842,487.0399758,567.2375394,584.8062016,592.6566554,592.9428594,580.5803392,600.7159128,639.0308225,665.3353303,683.0559758,701.4862354
Vila Flor,Ligeiros,3785,4046,4079,4078,4141,4111,4167,4232,4290,4407,4485,Município,6831,6713,6636,6531,6438,6341,6242,6170,6126,6073,6044,554.091641,602.7111575,614.6775166,624.4066759,643.2121777,648.3204542,667.5744954,685.8995138,700.2938296,725.6710028,742.0582396
Vila Franca de Xira,Ligeiros,60203,66066,64941,65021,64159,63958,65463,66812,68112,71506,73519,Município,135572,136875,138142,138710,139110,139918,140614,140844,141227,141603,141957,444.0666214,482.6739726,470.1032271,468.7549564,461.2105528,457.1105933,465.5510831,474.3688052,482.2873813,504.9751771,517.8962644
Vila Franca do Campo,Ligeiros,3141,3346,3440,3494,3616,3643,3764,3978,4235,4495,4694,Município,11228,11204,11270,11308,11331,11286,11300,11256,11148,11078,11051,279.7470609,298.6433417,305.2351375,308.9847895,319.1245256,322.7892965,333.0973451,353.4115139,379.8887693,405.7591623,424.7579405
Vila Nova da Barquinha,Ligeiros,3754,3999,3989,4012,3959,3957,4026,4082,4198,4369,4512,Município,7356,7320,7341,7334,7329,7301,7286,7314,7381,7402,7461,510.331702,546.3114754,543.3864596,547.0411781,540.1828353,541.9805506,552.566566,558.1077386,568.7576209,590.2458795,604.7446723
Vila Nova de Cerveira,Ligeiros,4774,4978,5042,5154,5080,5240,5469,5658,5806,6042,6251,Município,9259,9291,9239,9166,9110,9039,8969,8880,8859,8877,8910,515.606437,535.7873211,545.7300574,562.2954397,557.6289791,579.7101449,609.7669751,637.1621622,655.3787109,680.6353498,701.5712682
Vila Nova de Famalicão,Ligeiros,63992,72156,71737,73513,73151,73322,75335,77145,79673,82688,86155,Município,133796,133901,134206,133974,133711,133277,133028,132337,131909,131738,131676,478.2803671,538.8757366,534.5290076,548.7109439,547.0828877,550.1474373,566.3093484,582.9435456,603.9997271,627.6700724,654.2953917
Vila Nova de Foz Côa,Ligeiros,3959,4280,4311,4328,4378,4441,4565,4704,4762,5006,5059,Município,7461,7322,7218,7102,6984,6903,6792,6673,6597,6541,6503,530.6259215,584.5397432,597.2568579,609.4058012,626.8613975,643.3434739,672.1142521,704.9303162,721.8432621,765.3264027,777.9486391
Vila Nova de Gaia,Ligeiros,126203,137116,137612,138305,138175,142877,144845,145326,156630,165662,172310,Município,302084,302541,303430,303149,302828,301819,301172,300001,299820,299938,300472,417.7745263,453.2146056,453.5214053,456.2277956,456.2821139,473.3863673,480.937803,484.4183853,522.4134481,552.320813,573.464416
Vila Nova de Paiva,Ligeiros,2639,2864,2891,2949,3006,3036,2962,2787,2831,3072,3190,Município,5293,5183,5135,5079,5007,4949,4909,4833,4792,4723,4687,498.5830342,552.5757283,562.9990263,580.6261075,600.3594967,613.4572641,603.3815441,576.6604593,590.7762938,650.4340462,680.6059313
Vila Nova de Poiares,Ligeiros,3983,4622,4554,4487,4431,4481,4584,4716,4808,5176,5381,Município,7270,7289,7266,7207,7141,7083,7055,7011,6969,6929,6939,547.8679505,634.1061874,626.7547481,622.5891494,620.5013303,632.6415361,649.751949,672.6572529,689.9124695,747.0053399,775.47197
Vila Pouca de Aguiar,Ligeiros,6548,7181,7163,7625,7583,7424,7612,7767,7913,8222,8543,Município,13431,13214,13093,12912,12726,12557,12430,12225,12097,12009,11961,487.5288512,543.4387771,547.0862293,590.5359356,595.8667295,591.2240185,612.3893805,635.3374233,654.1291229,684.6531768,714.23794
Vila Real,Ligeiros,27483,30675,30197,29920,29950,29892,30277,31330,32143,33302,34387,Município,51826,51923,51782,51417,51009,50626,50376,50072,49951,49868,49962,530.293675,590.778653,583.1563091,581.9087072,587.151287,590.4475961,601.0203271,625.6989934,643.4906208,667.8029999,688.2630799
Vila Real de Santo António,Ligeiros,8876,9617,9430,9493,9561,9654,9992,10157,10668,11310,11713,Município,19059,19176,19045,19067,19056,19052,19077,19043,18944,18888,18749,465.7117372,501.5123071,495.1430822,497.8759113,501.731738,506.7184548,523.7720816,533.3718427,563.1334459,598.7928844,624.7266521
Vila Velha de Ródão,Ligeiros,1623,1693,1671,1699,1732,1690,1736,1804,1876,1852,1890,Município,3586,3538,3495,3432,3382,3326,3282,3239,3206,3167,3144,452.5934189,478.5189373,478.111588,495.04662,512.1230041,508.1178593,528.9457648,556.9620253,585.1528384,584.7805494,601.1450382
Vila Verde,Ligeiros,22842,25550,25051,25419,25637,25942,26629,27720,28983,30006,31289,Município,48053,47974,47995,47901,47774,47546,47428,47110,46953,46865,46911,475.3501342,532.5801476,521.9502031,530.65698,536.6308034,545.6189795,561.4615839,588.410104,617.2768513,640.2645898,666.9864211
Vila Viçosa,Ligeiros,4771,4654,4628,4639,4683,4764,4914,5097,5009,5040,5045,Município,8411,8338,8273,8235,8190,8090,7987,7894,7814,7719,7656,567.2333849,558.1674262,559.4101293,563.3272617,571.7948718,588.8751545,615.2497809,645.6802635,641.0289224,652.9343179,658.9602926
Vila da Praia da Vitória,Ligeiros,9131,9815,9850,9908,9997,9929,10030,10293,10732,11159,11418,Município,21020,21045,21268,21451,21612,21596,21555,21532,21414,21331,21317,434.3958135,466.3815633,463.1371074,461.8898886,462.5670924,459.7610669,465.3212712,478.0326955,501.1674605,523.1353429,535.6288408
Vila de Rei,Ligeiros,1604,1736,1781,1746,1768,1798,1833,2007,2189,2048,2124,Município,3470,3466,3470,3453,3450,3406,3392,3355,3336,3321,3323,462.2478386,500.8655511,513.2564841,505.6472632,512.4637681,527.8919554,540.3891509,598.2116244,656.17506,616.6817224,639.1814625
Vila do Bispo,Ligeiros,2757,2962,2991,3008,3129,3159,3302,3539,3651,3880,4084,Município,5268,5269,5238,5223,5216,5202,5206,5192,5161,5154,5154,523.3485194,562.1560068,571.0194731,575.9142255,599.8849693,607.266436,634.2681521,681.6255778,707.4210424,752.8133489,792.3942569
Vila do Conde,Ligeiros,34689,37947,37704,37680,37926,38490,39728,40947,42319,44148,45661,Município,79239,79582,79864,79808,79740,79518,79399,79327,79418,79579,79899,437.7768523,476.8289312,472.1025744,472.1331195,475.6207675,484.0413491,500.3589466,516.1798631,532.8640862,554.7694744,571.4839985
Vila do Porto,Ligeiros,2428,2625,2664,2643,2689,2807,2923,3028,3218,3396,3503,Município,5579,5554,5595,5632,5663,5650,5652,5653,5649,5623,5616,435.2034415,472.6323371,476.1394102,469.2826705,474.836659,496.8141593,517.1620665,535.6447904,569.6583466,603.9480704,623.7535613
Vimioso,Ligeiros,2327,2473,2516,2549,2572,2620,2669,2702,2709,2808,2891,Município,4774,4701,4610,4518,4442,4363,4253,4173,4092,4070,4023,487.4319229,526.0582855,545.7700651,564.1876937,579.0184602,600.5042402,627.5570186,647.4958064,662.0234604,689.9262899,718.6179468
Vinhais,Ligeiros,4274,4632,4640,4596,4624,4723,4801,4919,5045,5120,5243,Município,9311,9098,8951,8764,8579,8424,8289,8104,7969,7847,7746,459.0269574,509.1228842,518.3778349,524.4180739,538.9905583,560.660019,579.2013512,606.9842053,633.0781779,652.4786543,676.865479
Viseu,Ligeiros,49244,55388,55154,55707,56240,56954,58729,60484,61468,64631,67471,Município,98914,99313,99093,98778,98424,98093,98164,97849,97423,96991,97249,497.8466142,557.7114779,556.5882555,563.9616109,571.4053483,580.6122761,598.2743165,618.1361077,630.9393059,666.3607964,693.7963372
Vizela,Ligeiros,8164,9324,9112,9269,9542,12631,15536,19020,20194,16070,16296,Município,23731,23746,23860,23851,23861,23812,23802,23740,23760,23840,23897,344.0225865,392.6556052,381.8943839,388.6210222,399.8994175,530.4468335,652.718259,801.179444,849.9158249,674.0771812,681.9266017
Vouzela,Ligeiros,5221,5807,5784,5827,5855,5858,5968,6094,6235,6532,6764,Município,10736,10575,10469,10341,10222,10099,10037,9927,9783,9661,9619,486.3077496,549.1252955,552.4882988,563.4851562,572.784191,580.0574314,594.5999801,613.8813337,637.3300624,676.1204844,703.1916
Águeda,Ligeiros,26749,29998,28914,28758,28938,29306,31218,36121,30896,32692,33789,Município,47962,47787,47572,47371,47127,46885,46825,46600,46333,45992,46075,557.7123556,627.7439471,607.794501,607.0802812,614.0429053,625.0613203,666.6951415,775.1287554,666.8249412,710.8192729,733.3478025
Évora,Ligeiros,28627,32061,31306,31504,31425,30940,31210,31656,31672,33225,34158,Município,56779,56653,56218,55624,55053,54271,53654,53294,52874,52454,52428,504.1828845,565.9188392,556.8679071,566.374227,570.8135796,570.101896,581.6900883,593.9880662,599.0089647,633.4121325,651.5220874
Ílhavo,Ligeiros,19583,22004,21235,21300,21632,21633,21692,19087,24601,25266,26131,Município,38542,38624,38556,38502,38410,38273,38367,38406,38453,38405,38699,508.0950651,569.6975973,550.75734,553.2180146,563.1866701,565.2287513,565.3817082,496.9796386,639.7680285,657.8830881,675.2370862
Óbidos,Ligeiros,6825,7429,7353,7347,7582,7676,7887,8132,8377,8736,9134,Município,11680,11788,11768,11757,11694,11622,11612,11656,11709,11719,11850,584.3321918,630.21717,624.8300476,624.9043123,648.3666838,660.4715195,679.2111609,697.6664379,715.4325732,745.4560969,770.8016878
